﻿/**********************************************
*  Table PAYS (2) :                           *
*    - idPays (PK)                            *
*    - nom                                    *
*                                             *
**********************************************/
CREATE TABLE pays
(
  idpays char(3) NOT NULL,
  nom varchar(50),
  CONSTRAINT pk_pays PRIMARY KEY (idpays)
);

/**********************************************
*  Données de la table PAYS (30)              *
*                                             *
**********************************************/
INSERT INTO pays VALUES ('AUS','Australie'),
('AUT','Autriche'),
('BEL','Belgique'),
('BLR','Biélorussie'),
('CAN','Canada'),
('COL','Colombie'),
('CRC','Costa Rica'),
('CZE','République Tchèque'),
('DEN','Danemark'),
('ESP','Espagne'),
('EST','Estonie'),
('FRA','France'),
('GBR','Grande Bretagne'),
('GER','Allemagne'),
('IRL','Irlande'),
('ITA','Italie'),
('KAZ','Kazakhstan'),
('LTU','Lituanie'),
('LUX','Luxembourg'),
('NED','Pays Bas'),
('NOR','Norvege'),
('NZL','Nouvelle Zélande'),
('POL','Pologne'),
('POR','Portugal'),
('RUS','Russie'),
('SLO','Slovenie'),
('SUI','Suisse '),
('SVK','Slovaquie'),
('UKR','Ukraine'),
('USA','États-Unis');

/**********************************************
*  Table EQUIPE (5) :                         *
*    - idEquipe (PK)                          *
*    - nom                                    *
*    - nationalite (FK --> PAYS)              *
*    - url                                    *
*    - directeur                              *
*                                             *
**********************************************/
CREATE TABLE equipe
(
  idequipe char(3) NOT NULL,
  nom varchar(50),
  directeur varchar(50),
  url varchar(50),
  nationalite char(3),
  CONSTRAINT pk_equipe PRIMARY KEY (idequipe),
  CONSTRAINT fk_nationalite_equipe FOREIGN KEY (nationalite) REFERENCES pays (idpays)
);

/**********************************************
*  Données de la table EQUIPE (22)            *
*                                             *
**********************************************/
INSERT INTO equipe VALUES ('ALM','AG2R LA MONDIALE','Vincent LAVENU','www.cyclisme.ag2rlamondiale.fr','FRA'),
('BMC','BMC RACING TEAM','John LELANGUE','www.bmc-racing.com','USA'),
('COF','COFIDIS LE CREDIT EN LIGNE','Didier ROUS','www.equipe-cofidis.com','FRA'),
('EUS','EUSKALTEL - EUSKADI','Gorka GERRIKAGOITIA','www.fundacioneuskadi.com','ESP'),
('FDJ','FDJ','Franck PINEAU','www.francaisedesjeux.com','FRA'),
('THR','HTC - HIGHROAD','Allan PEIPER','www.highroadsports.com','USA'),
('KAT','KATUSHA TEAM','Dmitry KONYSHEV','www.katushateam.com','RUS'),
('LAM','LAMPRE - ISD','Fabrizio BONTEMPI','www.lampreteam.com','ITA'),
('LIQ','LIQUIGAS-CANNONDALE','Mario SCIREA','www.teamliquigascannondale.com','ITA'),
('MOV','MOVISTAR TEAM','Yvon LEDANOIS','www.movistarteam.com','ESP'),
('OLO','OMEGA PHARMA - LOTTO','Herman FRISON','www.omegapharma-lotto.be','BEL'),
('AST','PRO TEAM ASTANA','Alexandr SHEFER','www.proteam-astana.com','KAZ'),
('QST','QUICK STEP CYCLING TEAM','Wilfried PEETERS','www.quickstepcycling.eu','BEL'),
('RAB','RABOBANK CYCLING TEAM','Erik DEKKER','www.rabosport.nl','NED'),
('SAU','SAUR-SOJASUN','Stéphane HEULOT','www.saur-sojasun.com','FRA'),
('SBS','SAXO BANK SUNGARD','Bradley MC GEE','www.saxobank-sungard.com','DEN'),
('SKY','SKY PROCYCLING','Sean YATES','www.teamsky.com','GBR'),
('EUC','TEAM EUROPCAR','Jean-René BERNAUDEAU','www.teameuropcar.com','FRA'),
('GRM','TEAM GARMIN - CERVELO','Bingen FERNANDEZ','www.slipstreamsports.com','USA'),
('LEO','TEAM LEOPARD-TREK','Kim ANDERSEN','www.leopardtrek.lu','LUX'),
('RSH','TEAM RADIOSHACK','Alain GALLOPIN','www.livestrong.com/teamradioshack','USA'),
('VCD','VACANSOLEIL-DCM','Hilaire VAN DER SCHUEREN','www.vacansoleildcm.com','NED');

/**********************************************
*  Table COUREUR (6) :                        *
*    - dossard (PK)                           *
*    - nom                                    *
*    - prenom                                 *
*    - dateDeNaissance                        *
*    - nationalite (FK --> PAYS)              *
*    - idequipe (FK --> EQUIPE)                 *
*                                             *
**********************************************/
CREATE TABLE coureur
(
  dossard int NOT NULL,
  nom varchar(50),
  prenom varchar(50),
  datedenaissance date,
  nationalite char(3),
  idequipe char(3),
  CONSTRAINT pk_coureur PRIMARY KEY (dossard),
  CONSTRAINT fk_equipe_coureur FOREIGN KEY (idequipe)
      REFERENCES equipe (idequipe),
  CONSTRAINT fk_nationalite_coureur FOREIGN KEY (nationalite)
      REFERENCES pays (idpays)
);

/**********************************************
*  Données de la table COUREUR (198)          *
*                                             *
**********************************************/
INSERT INTO coureur VALUES (1,'CONTADOR','Alberto',str_to_date('06/12/1982', '%d/%m/%Y'),'ESP','SBS'),
(2,'HERNANDEZ BLAZQUEZ','Jesus',str_to_date('28/09/1981', '%d/%m/%Y'),'ESP','SBS'),
(3,'NAVARRO','Daniel',str_to_date('18/07/1983', '%d/%m/%Y'),'ESP','SBS'),
(4,'NOVAL GONZALEZ','Benjamin',str_to_date('23/01/1979', '%d/%m/%Y'),'ESP','SBS'),
(5,'PORTE','Richie',str_to_date('30/01/1985', '%d/%m/%Y'),'AUS','SBS'),
(6,'SORENSEN','Chris Anker',str_to_date('05/09/1984', '%d/%m/%Y'),'DEN','SBS'),
(7,'SORENSEN','Nicki',str_to_date('14/05/1975', '%d/%m/%Y'),'DEN','SBS'),
(8,'TOSATTO','Matteo',str_to_date('14/05/1974', '%d/%m/%Y'),'ITA','SBS'),
(9,'VANDBORG','Brian',str_to_date('04/12/1981', '%d/%m/%Y'),'DEN','SBS'),
(11,'SCHLECK','Andy',str_to_date('10/06/1985', '%d/%m/%Y'),'LUX','LEO'),
(12,'CANCELLARA','Fabian',str_to_date('18/03/1981', '%d/%m/%Y'),'SUI','LEO'),
(13,'FUGLSANG','Jakob',str_to_date('22/03/1985', '%d/%m/%Y'),'DEN','LEO'),
(14,'GERDEMANN','Linus',str_to_date('16/09/1982', '%d/%m/%Y'),'GER','LEO'),
(15,'MONFORT','Maxime',str_to_date('14/01/1983', '%d/%m/%Y'),'BEL','LEO'),
(16,'O’GRADY','Stuart',str_to_date('06/08/1973', '%d/%m/%Y'),'AUS','LEO'),
(17,'POSTHUMA','Joost',str_to_date('08/03/1981', '%d/%m/%Y'),'NED','LEO'),
(18,'SCHLECK','Frank',str_to_date('15/04/1980', '%d/%m/%Y'),'LUX','LEO'),
(19,'VOIGT','Jens',str_to_date('17/09/1971', '%d/%m/%Y'),'GER','LEO'),
(21,'SANCHEZ','Samuel',str_to_date('05/02/1978', '%d/%m/%Y'),'ESP','EUS'),
(22,'IZAGIRRE INSAUSTI','Gorka',str_to_date('07/10/1987', '%d/%m/%Y'),'ESP','EUS'),
(23,'MARTINEZ','Egoi',str_to_date('15/05/1978', '%d/%m/%Y'),'ESP','EUS'),
(24,'PEREZ LEZAUN','Alan',str_to_date('15/07/1982', '%d/%m/%Y'),'ESP','EUS'),
(25,'PEREZ MORENO','Ruben',str_to_date('30/10/1981', '%d/%m/%Y'),'ESP','EUS'),
(26,'TXURRUKA','Amets',str_to_date('10/11/1982', '%d/%m/%Y'),'ESP','EUS'),
(27,'URTASUN PEREZ','Pablo',str_to_date('29/03/1980', '%d/%m/%Y'),'ESP','EUS'),
(28,'VELASCO','Ivan',str_to_date('07/02/1980', '%d/%m/%Y'),'ESP','EUS'),
(29,'VERDUGO','Gorka',str_to_date('04/11/1978', '%d/%m/%Y'),'ESP','EUS'),
(31,'VAN DEN BROECK','Jurgen',str_to_date('01/02/1983', '%d/%m/%Y'),'BEL','OLO'),
(32,'GILBERT','Philippe',str_to_date('05/07/1982', '%d/%m/%Y'),'BEL','OLO'),
(33,'GREIPEL','André',str_to_date('16/07/1982', '%d/%m/%Y'),'GER','OLO'),
(34,'LANG','Sebastian',str_to_date('15/09/1979', '%d/%m/%Y'),'GER','OLO'),
(35,'ROELANDTS','Jurgen',str_to_date('02/07/1985', '%d/%m/%Y'),'BEL','OLO'),
(36,'SIEBERG','Marcel',str_to_date('30/04/1982', '%d/%m/%Y'),'GER','OLO'),
(37,'VAN DE WALLE','Jurgen',str_to_date('09/02/1977', '%d/%m/%Y'),'BEL','OLO'),
(38,'VANENDERT','Jelle',str_to_date('19/02/1985', '%d/%m/%Y'),'BEL','OLO'),
(39,'WILLEMS','Frederik',str_to_date('08/09/1979', '%d/%m/%Y'),'BEL','OLO'),
(41,'GESINK','Robert',str_to_date('31/05/1986', '%d/%m/%Y'),'NED','RAB'),
(42,'BARREDO','Carlos',str_to_date('05/06/1981', '%d/%m/%Y'),'ESP','RAB'),
(43,'BOOM','Lars',str_to_date('30/12/1985', '%d/%m/%Y'),'NED','RAB'),
(44,'GARATE','Juan Manuel',str_to_date('24/04/1976', '%d/%m/%Y'),'ESP','RAB'),
(45,'MOLLEMA','Bauke',str_to_date('26/11/1986', '%d/%m/%Y'),'NED','RAB'),
(46,'NIERMANN','Grischa Jan',str_to_date('03/11/1975', '%d/%m/%Y'),'GER','RAB'),
(47,'SANCHEZ','Luis-Leon',str_to_date('24/11/1983', '%d/%m/%Y'),'ESP','RAB'),
(48,'TEN DAM','Laurens',str_to_date('13/11/1980', '%d/%m/%Y'),'NED','RAB'),
(49,'TJALLINGII','Maarten',str_to_date('05/11/1977', '%d/%m/%Y'),'NED','RAB'),
(51,'HUSHOVD','Thor',str_to_date('18/01/1978', '%d/%m/%Y'),'NOR','GRM'),
(52,'DANIELSON','Tom',str_to_date('13/03/1978', '%d/%m/%Y'),'USA','GRM'),
(53,'DEAN','Julian',str_to_date('28/01/1975', '%d/%m/%Y'),'NZL','GRM'),
(54,'FARRAR','Tyler',str_to_date('02/06/1984', '%d/%m/%Y'),'USA','GRM'),
(55,'HESJEDAL','Ryder',str_to_date('09/12/1980', '%d/%m/%Y'),'CAN','GRM'),
(56,'MILLAR','David',str_to_date('04/01/1977', '%d/%m/%Y'),'GBR','GRM'),
(57,'NAVARDAUSKAS','Ramunas',str_to_date('30/01/1988', '%d/%m/%Y'),'LTU','GRM'),
(58,'VANDE VELDE','Christian',str_to_date('22/05/1976', '%d/%m/%Y'),'USA','GRM'),
(59,'ZABRISKIE','David',str_to_date('12/01/1979', '%d/%m/%Y'),'USA','GRM'),
(61,'VINOKOUROV','Alexandre',str_to_date('16/09/1973', '%d/%m/%Y'),'KAZ','AST'),
(62,'DI GREGORIO','Rémy',str_to_date('31/07/1985', '%d/%m/%Y'),'FRA','AST'),
(63,'FOFONOV','Dmitriy',str_to_date('15/08/1976', '%d/%m/%Y'),'KAZ','AST'),
(64,'GRIVKO','Andriy',str_to_date('07/08/1983', '%d/%m/%Y'),'UKR','AST'),
(65,'IGLINSKIY','Maxim',str_to_date('18/04/1981', '%d/%m/%Y'),'KAZ','AST'),
(66,'KREUZIGER','Roman',str_to_date('06/05/1986', '%d/%m/%Y'),'CZE','AST'),
(67,'TIRALONGO','Paolo',str_to_date('08/07/1977', '%d/%m/%Y'),'ITA','AST'),
(68,'VAITKUS','Tomas',str_to_date('04/02/1982', '%d/%m/%Y'),'LTU','AST'),
(69,'ZEITS','Andrey',str_to_date('14/12/1986', '%d/%m/%Y'),'KAZ','AST'),
(71,'BRAJKOVIC','Janez',str_to_date('18/12/1983', '%d/%m/%Y'),'SLO','RSH'),
(72,'HORNER','Christopher',str_to_date('23/10/1971', '%d/%m/%Y'),'USA','RSH'),
(73,'IRIZAR','Markel',str_to_date('05/02/1980', '%d/%m/%Y'),'ESP','RSH'),
(74,'KLÖDEN','Andréas',str_to_date('22/06/1975', '%d/%m/%Y'),'GER','RSH'),
(75,'LEIPHEIMER','Levi',str_to_date('24/10/1973', '%d/%m/%Y'),'USA','RSH'),
(76,'MURAVYEV','Dmitriy',str_to_date('02/11/1979', '%d/%m/%Y'),'KAZ','RSH'),
(77,'PAULINHO','Sergio',str_to_date('26/03/1980', '%d/%m/%Y'),'POR','RSH'),
(78,'POPOVYCH','Yaroslav',str_to_date('04/01/1980', '%d/%m/%Y'),'UKR','RSH'),
(79,'ZUBELDIA','Haimar',str_to_date('01/04/1977', '%d/%m/%Y'),'ESP','RSH'),
(81,'ARROYO','David',str_to_date('07/01/1980', '%d/%m/%Y'),'ESP','MOV'),
(82,'AMADOR','Andrey',str_to_date('29/08/1986', '%d/%m/%Y'),'CRC','MOV'),
(83,'COSTA','Rui Alberto',str_to_date('05/10/1986', '%d/%m/%Y'),'POR','MOV'),
(84,'ERVITI','Imanol',str_to_date('15/11/1983', '%d/%m/%Y'),'ESP','MOV'),
(85,'GUTIERREZ','José Ivan',str_to_date('27/11/1978', '%d/%m/%Y'),'ESP','MOV'),
(86,'INTXAUSTI','Benat',str_to_date('20/03/1986', '%d/%m/%Y'),'ESP','MOV'),
(87,'KIRYIENKA','Vasil',str_to_date('28/06/1981', '%d/%m/%Y'),'BLR','MOV'),
(88,'ROJAS','Jose Joaquin',str_to_date('08/06/1985', '%d/%m/%Y'),'ESP','MOV'),
(89,'VENTOSO','Francisco',str_to_date('06/05/1982', '%d/%m/%Y'),'ESP','MOV'),
(91,'BASSO','Ivan',str_to_date('26/11/1977', '%d/%m/%Y'),'ITA','LIQ'),
(92,'BODNAR','Maciej',str_to_date('07/03/1985', '%d/%m/%Y'),'POL','LIQ'),
(93,'KOREN','Kristjan',str_to_date('25/11/1986', '%d/%m/%Y'),'SLO','LIQ'),
(94,'LONGO BORGHINI','Paolo',str_to_date('10/12/1980', '%d/%m/%Y'),'ITA','LIQ'),
(95,'OSS','Daniel',str_to_date('13/01/1987', '%d/%m/%Y'),'ITA','LIQ'),
(96,'PATERSKI','Maciej',str_to_date('12/09/1986', '%d/%m/%Y'),'POL','LIQ'),
(97,'SABATINI','Fabio',str_to_date('18/02/1985', '%d/%m/%Y'),'ITA','LIQ'),
(98,'SZMYD','Sylvester',str_to_date('02/03/1978', '%d/%m/%Y'),'POL','LIQ'),
(99,'VANOTTI','Alessandro',str_to_date('16/09/1980', '%d/%m/%Y'),'ITA','LIQ'),
(101,'ROCHE','Nicolas',str_to_date('03/07/1984', '%d/%m/%Y'),'IRL','ALM'),
(102,'BOUET','Maxime',str_to_date('03/11/1986', '%d/%m/%Y'),'FRA','ALM'),
(103,'DUPONT','Hubert',str_to_date('13/11/1980', '%d/%m/%Y'),'FRA','ALM'),
(104,'GADRET','John',str_to_date('22/04/1979', '%d/%m/%Y'),'FRA','ALM'),
(105,'HINAULT','Sébastien',str_to_date('11/02/1974', '%d/%m/%Y'),'FRA','ALM'),
(106,'KADRI','Blel',str_to_date('03/09/1986', '%d/%m/%Y'),'FRA','ALM'),
(107,'MINARD','Sébastien',str_to_date('12/06/1982', '%d/%m/%Y'),'FRA','ALM'),
(108,'PERAUD','Jean-Christophe',str_to_date('22/05/1977', '%d/%m/%Y'),'FRA','ALM'),
(109,'RIBLON','Christophe',str_to_date('17/01/1981', '%d/%m/%Y'),'FRA','ALM'),
(111,'WIGGINS','Bradley',str_to_date('28/04/1980', '%d/%m/%Y'),'GBR','SKY'),
(112,'FLECHA GIANNONI','Juan Antonio',str_to_date('17/09/1977', '%d/%m/%Y'),'ESP','SKY'),
(113,'GERRANS','Simon',str_to_date('16/05/1980', '%d/%m/%Y'),'AUS','SKY'),
(114,'HAGEN','Edvald Boasson',str_to_date('17/05/1987', '%d/%m/%Y'),'NOR','SKY'),
(115,'KNEES','Christian',str_to_date('05/03/1981', '%d/%m/%Y'),'GER','SKY'),
(116,'SWIFT','Ben',str_to_date('05/11/1987', '%d/%m/%Y'),'GBR','SKY'),
(117,'THOMAS','Geraint',str_to_date('25/05/1986', '%d/%m/%Y'),'GBR','SKY'),
(118,'URAN','Rigoberto',str_to_date('26/01/1987', '%d/%m/%Y'),'COL','SKY'),
(119,'ZANDIO','Xabier',str_to_date('17/03/1977', '%d/%m/%Y'),'ESP','SKY'),
(121,'CHAVANEL','Sylvain',str_to_date('30/06/1979', '%d/%m/%Y'),'FRA','QST'),
(122,'BOONEN','Tom',str_to_date('15/10/1980', '%d/%m/%Y'),'BEL','QST'),
(123,'CIOLEK','Gerald',str_to_date('19/09/1986', '%d/%m/%Y'),'GER','QST'),
(124,'DE WEERT','Kevin',str_to_date('27/05/1982', '%d/%m/%Y'),'BEL','QST'),
(125,'DEVENYNS','Dries',str_to_date('22/07/1983', '%d/%m/%Y'),'BEL','QST'),
(126,'ENGELS','Addy',str_to_date('16/06/1977', '%d/%m/%Y'),'NED','QST'),
(127,'PINEAU','Jérôme',str_to_date('02/01/1980', '%d/%m/%Y'),'FRA','QST'),
(128,'STEEGMANS','Gert',str_to_date('30/09/1980', '%d/%m/%Y'),'BEL','QST'),
(129,'TERPSTRA','Niki',str_to_date('18/05/1984', '%d/%m/%Y'),'NED','QST'),
(131,'CASAR','Sandy',str_to_date('02/02/1979', '%d/%m/%Y'),'FRA','FDJ'),
(132,'BONNET','William',str_to_date('25/06/1982', '%d/%m/%Y'),'FRA','FDJ'),
(133,'DELAGE','Mickaël',str_to_date('06/08/1985', '%d/%m/%Y'),'FRA','FDJ'),
(134,'JEANNESSON','Arnold',str_to_date('16/01/1986', '%d/%m/%Y'),'FRA','FDJ'),
(135,'MEERSMAN','Gianni',str_to_date('05/12/1985', '%d/%m/%Y'),'BEL','FDJ'),
(136,'PAURIOL','Rémi',str_to_date('04/04/1982', '%d/%m/%Y'),'FRA','FDJ'),
(137,'ROUX','Anthony',str_to_date('18/04/1987', '%d/%m/%Y'),'FRA','FDJ'),
(138,'ROY','Jérémy',str_to_date('22/06/1983', '%d/%m/%Y'),'FRA','FDJ'),
(139,'VICHOT','Arthur',str_to_date('26/11/1988', '%d/%m/%Y'),'FRA','FDJ'),
(141,'EVANS','Cadel',str_to_date('14/02/1977', '%d/%m/%Y'),'AUS','BMC'),
(142,'BOOKWALTER','Brent',str_to_date('16/02/1984', '%d/%m/%Y'),'USA','BMC'),
(143,'BURGHARDT','Marcus',str_to_date('30/06/1983', '%d/%m/%Y'),'GER','BMC'),
(144,'HINCAPIE','George',str_to_date('29/06/1973', '%d/%m/%Y'),'USA','BMC'),
(145,'MOINARD','Amaël',str_to_date('02/02/1982', '%d/%m/%Y'),'FRA','BMC'),
(146,'MORABITO','Steve',str_to_date('30/01/1983', '%d/%m/%Y'),'SUI','BMC'),
(147,'QUINZIATO','Manuel',str_to_date('30/10/1979', '%d/%m/%Y'),'ITA','BMC'),
(148,'SANTAROMITA','Ivan',str_to_date('30/04/1984', '%d/%m/%Y'),'ITA','BMC'),
(149,'SCHÄR','Michael',str_to_date('29/09/1986', '%d/%m/%Y'),'SUI','BMC'),
(151,'TAARAMAE','Rein',str_to_date('24/04/1987', '%d/%m/%Y'),'EST','COF'),
(152,'BUFFAZ','Mickaël',str_to_date('21/05/1979', '%d/%m/%Y'),'FRA','COF'),
(153,'DUMOULIN','Samuel',str_to_date('20/08/1980', '%d/%m/%Y'),'FRA','COF'),
(154,'DUQUE','Leonardo',str_to_date('10/04/1980', '%d/%m/%Y'),'COL','COF'),
(155,'EL FARES','Julien',str_to_date('01/06/1985', '%d/%m/%Y'),'FRA','COF'),
(156,'GALLOPIN','Tony',str_to_date('24/05/1988', '%d/%m/%Y'),'FRA','COF'),
(157,'MONCOUTIE','David',str_to_date('30/04/1975', '%d/%m/%Y'),'FRA','COF'),
(158,'VALENTIN','Tristan',str_to_date('23/02/1982', '%d/%m/%Y'),'FRA','COF'),
(159,'ZINGLE','Romain',str_to_date('29/01/1987', '%d/%m/%Y'),'BEL','COF'),
(161,'CUNEGO','Damiano',str_to_date('19/09/1981', '%d/%m/%Y'),'ITA','LAM'),
(162,'BERTAGNOLLI','Leonardo',str_to_date('08/01/1978', '%d/%m/%Y'),'ITA','LAM'),
(163,'BOLE','Grega',str_to_date('13/08/1985', '%d/%m/%Y'),'SLO','LAM'),
(164,'BONO','Matteo',str_to_date('11/11/1983', '%d/%m/%Y'),'ITA','LAM'),
(165,'HONDO','Danilo',str_to_date('04/01/1974', '%d/%m/%Y'),'GER','LAM'),
(166,'KOSTYUK','Denys',str_to_date('13/03/1982', '%d/%m/%Y'),'UKR','LAM'),
(167,'LOOSLI','David',str_to_date('08/05/1980', '%d/%m/%Y'),'SUI','LAM'),
(168,'MALORI','Adriano',str_to_date('28/01/1988', '%d/%m/%Y'),'ITA','LAM'),
(169,'PETACCHI','Alessandro',str_to_date('03/01/1974', '%d/%m/%Y'),'ITA','LAM'),
(171,'CAVENDISH','Mark',str_to_date('21/05/1985', '%d/%m/%Y'),'GBR','THR'),
(172,'BAK','Lars',str_to_date('16/01/1980', '%d/%m/%Y'),'DEN','THR'),
(173,'EISEL','Bernhard',str_to_date('17/02/1981', '%d/%m/%Y'),'AUT','THR'),
(174,'GOSS','Matthew Harley',str_to_date('05/11/1986', '%d/%m/%Y'),'AUS','THR'),
(175,'MARTIN','Tony',str_to_date('23/04/1985', '%d/%m/%Y'),'GER','THR'),
(176,'PATE','Danny',str_to_date('24/03/1979', '%d/%m/%Y'),'USA','THR'),
(177,'RENSHAW','Mark',str_to_date('22/10/1982', '%d/%m/%Y'),'AUS','THR'),
(178,'VAN GARDEREN','Tejay',str_to_date('12/08/1988', '%d/%m/%Y'),'USA','THR'),
(179,'VELITS','Peter',str_to_date('21/02/1985', '%d/%m/%Y'),'SVK','THR'),
(181,'VOECKLER','Thomas',str_to_date('22/06/1979', '%d/%m/%Y'),'FRA','EUC'),
(182,'CHARTEAU','Anthony',str_to_date('04/06/1979', '%d/%m/%Y'),'FRA','EUC'),
(183,'GAUTIER','Cyril',str_to_date('26/09/1987', '%d/%m/%Y'),'FRA','EUC'),
(184,'GENE','Yohann',str_to_date('25/06/1981', '%d/%m/%Y'),'FRA','EUC'),
(185,'JEROME','Vincent',str_to_date('26/11/1984', '%d/%m/%Y'),'FRA','EUC'),
(186,'KERN','Christophe',str_to_date('18/01/1981', '%d/%m/%Y'),'FRA','EUC'),
(187,'QUEMENEUR','Perrig',str_to_date('26/04/1984', '%d/%m/%Y'),'FRA','EUC'),
(188,'ROLLAND','Pierre',str_to_date('10/10/1986', '%d/%m/%Y'),'FRA','EUC'),
(189,'TURGOT','Sébastien',str_to_date('11/04/1984', '%d/%m/%Y'),'FRA','EUC'),
(191,'KARPETS','Vladimir',str_to_date('20/09/1980', '%d/%m/%Y'),'RUS','KAT'),
(192,'BRUTT','Pavel',str_to_date('29/01/1982', '%d/%m/%Y'),'RUS','KAT'),
(193,'GALIMZYANOV','Denis',str_to_date('07/03/1987', '%d/%m/%Y'),'RUS','KAT'),
(194,'GUSEV','Vladimir',str_to_date('04/07/1982', '%d/%m/%Y'),'RUS','KAT'),
(195,'IGNATYEV','Mikhail',str_to_date('07/05/1985', '%d/%m/%Y'),'RUS','KAT'),
(196,'ISAICHEV','Vladimir',str_to_date('21/04/1986', '%d/%m/%Y'),'RUS','KAT'),
(197,'KOLOBNEV','Alexandr',str_to_date('04/05/1981', '%d/%m/%Y'),'RUS','KAT'),
(198,'SILIN','Egor',str_to_date('25/06/1988', '%d/%m/%Y'),'RUS','KAT'),
(199,'TROFIMOV','Yury',str_to_date('26/01/1984', '%d/%m/%Y'),'RUS','KAT'),
(201,'FEILLU','Romain',str_to_date('16/04/1984', '%d/%m/%Y'),'FRA','VCD'),
(202,'BOZIC','Borut',str_to_date('08/08/1980', '%d/%m/%Y'),'SLO','VCD'),
(203,'DE GENDT','Thomas',str_to_date('06/11/1986', '%d/%m/%Y'),'BEL','VCD'),
(204,'HOOGERLAND','Johnny',str_to_date('13/05/1983', '%d/%m/%Y'),'NED','VCD'),
(205,'LEUKEMANS','Bjorn',str_to_date('01/07/1977', '%d/%m/%Y'),'BEL','VCD'),
(206,'MARCATO','Marco',str_to_date('11/02/1984', '%d/%m/%Y'),'ITA','VCD'),
(207,'POELS','Wouter',str_to_date('01/10/1987', '%d/%m/%Y'),'NED','VCD'),
(208,'RUIJGH','Rob',str_to_date('12/11/1986', '%d/%m/%Y'),'NED','VCD'),
(209,'WESTRA','Lieuwe',str_to_date('11/09/1982', '%d/%m/%Y'),'NED','VCD'),
(211,'COPPEL','Jérôme',str_to_date('06/08/1986', '%d/%m/%Y'),'FRA','SAU'),
(212,'COYOT','Arnaud',str_to_date('06/10/1980', '%d/%m/%Y'),'FRA','SAU'),
(213,'DELAPLACE','Anthony',str_to_date('11/09/1989', '%d/%m/%Y'),'FRA','SAU'),
(214,'ENGOULVENT','Jimmy',str_to_date('07/12/1979', '%d/%m/%Y'),'FRA','SAU'),
(215,'GALLAND','Jeremie',str_to_date('08/04/1983', '%d/%m/%Y'),'FRA','SAU'),
(216,'HIVERT','Jonathan',str_to_date('23/03/1985', '%d/%m/%Y'),'FRA','SAU'),
(217,'JEANDESBOZ','Fabrice',str_to_date('04/12/1984', '%d/%m/%Y'),'FRA','SAU'),
(218,'MANGEL','Laurent',str_to_date('22/05/1981', '%d/%m/%Y'),'FRA','SAU'),
(219,'TALABARDON','Yannick',str_to_date('06/07/1981', '%d/%m/%Y'),'FRA','SAU');

/**********************************************
*  Table ETAPE (4) :                          *
*    - idEtape (PK)                           *
*    - villeDepart                            *
*    - villeArrivee                           *
*    - distance                               *
*                                             *
**********************************************/
CREATE TABLE etape
(
  idetape int NOT NULL,
  villedepart varchar(50),
  villearrivee varchar(50),
  distance decimal(4,1),
  CONSTRAINT pk_etape PRIMARY KEY (idetape)
);

/**********************************************
*  Données de la table ETAPE (21)             *
*                                             *
**********************************************/
INSERT INTO etape VALUES (1,'Passage du Gois','Mont des Alouettes',191.5),
(2,'Les Essarts','Les Essarts',23),
(3,'Olonne-sur-Mer','Redon ',198),
(4,'Lorient','Mûr-de-Bretagne',172.5),
(5,'Carhaix','Cap Fréhel',164.5),
(6,'Dinan','Lisieux',226.5),
(7,'Le Mans','Châteauroux',218),
(8,'Aigurande','Super-Besse Sancy',189),
(9,'Issoire ','Saint-Flour',208),
(10,'Aurillac','Carmaux',158),
(11,'Blaye-les-Mines','Lavaur',167.5),
(12,'Cugnaux','Luz-Ardiden',211),
(13,'Pau','Lourdes',152.5),
(14,'Saint-Gaudens','Plateau de Beille',168.5),
(15,'Limoux','Montpellier',192.5),
(16,'Saint-Paul-Trois-Châteaux','Gap',162.5),
(17,'Gap','Pinerolo',179),
(18,'Pinerolo','Galibier Serre-Chevalier',200.5),
(19,'Modane Valfréjus','Alpe-d’Huez',109.5),
(20,'Grenoble','Grenoble',42.5),
(21,'Créteil','Paris Champs-Élysées',95);

/**********************************************
*  Table RESULTATETAPE (3) :                  *
*    - idetape , idcoureur (PK)               *
*        - idetape (FK --> ETAPE)             * 
*        - idcoureur (FK --> COUREUR)         * 
*    - classement                             *
*    - temps                                  *
*    - abandon                                *
*                                             *
**********************************************/
CREATE TABLE resultatetape
(
  idetape int NOT NULL,
  idcoureur int NOT NULL,
  classement int,
  temps time,
  abandon boolean,
  CONSTRAINT pk_resultat_coureur PRIMARY KEY (idcoureur, idetape),
  CONSTRAINT fk_coureur FOREIGN KEY (idcoureur) REFERENCES coureur (dossard),
  CONSTRAINT fk_etape FOREIGN KEY (idetape) REFERENCES etape (idetape)
);

/**********************************************
*  Données de la table RESULTATETAPE (3786)   *
*                                             *
**********************************************/
INSERT INTO resultatetape VALUES (1,32,1,'04:41:31',false),
(1,141,2,'04:41:34',false),
(1,51,3,'04:41:37',false),
(1,88,4,'04:41:37',false),
(1,31,5,'04:41:37',false),
(1,117,6,'04:41:37',false),
(1,74,7,'04:41:37',false),
(1,151,8,'04:41:37',false),
(1,72,9,'04:41:37',false),
(1,175,10,'04:41:37',false),
(1,14,11,'04:41:37',false),
(1,18,12,'04:41:37',false),
(1,179,13,'04:41:37',false),
(1,181,14,'04:41:37',false),
(1,161,15,'04:41:37',false),
(1,56,16,'04:41:37',false),
(1,61,17,'04:41:37',false),
(1,12,18,'04:41:37',false),
(1,101,19,'04:41:37',false),
(1,163,20,'04:41:37',false),
(1,198,21,'04:41:37',false),
(1,96,22,'04:41:37',false),
(1,122,23,'04:41:37',false),
(1,135,24,'04:41:37',false),
(1,114,25,'04:41:37',false),
(1,147,26,'04:41:37',false),
(1,132,27,'04:41:37',false),
(1,193,28,'04:41:37',false),
(1,178,29,'04:41:37',false),
(1,156,30,'04:41:37',false),
(1,85,31,'04:41:37',false),
(1,21,32,'04:42:51',false),
(1,45,33,'04:42:51',false),
(1,208,34,'04:42:51',false),
(1,1,35,'04:42:51',false),
(1,47,36,'04:42:51',false),
(1,63,37,'04:41:37',false),
(1,15,38,'04:42:51',false),
(1,11,39,'04:41:37',false),
(1,127,40,'04:41:37',false),
(1,154,41,'04:41:37',false),
(1,183,42,'04:41:37',false),
(1,137,43,'04:42:51',false),
(1,165,44,'04:41:37',false),
(1,75,45,'04:41:37',false),
(1,145,46,'04:42:51',false),
(1,71,47,'04:41:37',false),
(1,192,48,'04:41:37',false),
(1,118,49,'04:42:51',false),
(1,191,50,'04:41:37',false),
(1,194,51,'04:41:37',false),
(1,69,52,'04:41:37',false),
(1,91,53,'04:41:37',false),
(1,125,54,'04:42:51',false),
(1,215,55,'04:41:37',false),
(1,93,56,'04:42:51',false),
(1,162,57,'04:41:37',false),
(1,13,58,'04:41:37',false),
(1,121,59,'04:41:37',false),
(1,205,60,'04:41:37',false),
(1,176,61,'04:42:51',false),
(1,199,62,'04:42:51',false),
(1,111,63,'04:41:37',false),
(1,16,64,'04:41:37',false),
(1,29,65,'04:43:10',false),
(1,38,66,'04:41:37',false),
(1,35,67,'04:41:37',false),
(1,134,68,'04:43:20',false),
(1,52,69,'04:43:26',false),
(1,44,70,'04:43:26',false),
(1,55,71,'04:43:26',false),
(1,115,72,'04:43:26',false),
(1,86,73,'04:43:26',false),
(1,66,74,'04:43:26',false),
(1,62,75,'04:43:26',false),
(1,204,76,'04:43:26',false),
(1,218,77,'04:41:37',false),
(1,78,78,'04:41:37',false),
(1,197,79,'04:41:37',false),
(1,89,80,'04:41:37',false),
(1,155,81,'04:43:26',false),
(1,124,82,'04:41:37',false),
(1,159,83,'04:43:26',false),
(1,73,84,'04:43:26',false),
(1,196,85,'04:43:26',false),
(1,211,86,'04:43:26',false),
(1,177,87,'04:41:37',false),
(1,84,88,'04:43:26',false),
(1,136,89,'04:43:26',false),
(1,182,90,'04:43:26',false),
(1,42,91,'04:41:37',false),
(1,7,92,'04:43:26',false),
(1,157,93,'04:43:26',false),
(1,144,94,'04:41:37',false),
(1,79,95,'04:43:26',false),
(1,189,96,'04:41:37',false),
(1,108,97,'04:43:26',false),
(1,133,98,'04:43:26',false),
(1,104,99,'04:43:26',false),
(1,207,100,'04:43:26',false),
(1,188,101,'04:43:26',false),
(1,26,102,'04:43:26',false),
(1,5,103,'04:43:26',false),
(1,123,104,'04:43:26',false),
(1,3,105,'04:43:26',false),
(1,186,106,'04:43:26',false),
(1,43,107,'04:43:26',false),
(1,206,108,'04:43:41',false),
(1,113,109,'04:43:47',false),
(1,83,110,'04:43:56',false),
(1,209,111,'04:43:56',false),
(1,102,112,'04:43:56',false),
(1,28,113,'04:43:56',false),
(1,67,114,'04:43:56',false),
(1,77,115,'04:43:56',false),
(1,148,116,'04:43:56',false),
(1,82,117,'04:43:56',false),
(1,103,118,'04:43:56',false),
(1,131,119,'04:43:56',false),
(1,17,120,'04:43:56',false),
(1,138,121,'04:44:04',false),
(1,169,122,'04:44:04',false),
(1,168,123,'04:44:04',false),
(1,97,124,'04:44:04',false),
(1,146,125,'04:44:04',false),
(1,142,126,'04:44:04',false),
(1,99,127,'04:44:04',false),
(1,19,128,'04:44:04',false),
(1,184,129,'04:44:07',false),
(1,24,130,'04:44:07',false),
(1,4,131,'04:44:07',false),
(1,25,132,'04:44:07',false),
(1,139,133,'04:44:07',false),
(1,112,134,'04:44:07',false),
(1,109,135,'04:44:07',false),
(1,34,136,'04:41:37',false),
(1,36,137,'04:41:37',false),
(1,33,138,'04:41:37',false),
(1,164,139,'04:44:07',false),
(1,98,140,'04:44:07',false),
(1,81,141,'04:44:07',false),
(1,95,142,'04:41:37',false),
(1,94,143,'04:41:37',false),
(1,87,144,'04:43:26',false),
(1,195,145,'04:44:25',false),
(1,167,146,'04:44:36',false),
(1,173,147,'04:41:37',false),
(1,2,148,'04:44:36',false),
(1,8,149,'04:44:36',false),
(1,149,150,'04:44:36',false),
(1,92,151,'04:44:36',false),
(1,172,152,'04:41:37',false),
(1,171,153,'04:41:37',false),
(1,116,154,'04:41:37',false),
(1,126,155,'04:44:36',false),
(1,57,156,'04:41:37',false),
(1,153,157,'04:41:37',false),
(1,59,158,'04:44:36',false),
(1,27,159,'04:44:36',false),
(1,64,160,'04:44:50',false),
(1,216,161,'04:44:56',false),
(1,6,162,'04:44:59',false),
(1,9,163,'04:44:59',false),
(1,49,164,'04:44:59',false),
(1,128,165,'04:41:37',false),
(1,213,166,'04:44:59',false),
(1,39,167,'04:44:59',false),
(1,22,168,'04:44:59',false),
(1,217,169,'04:44:59',false),
(1,219,170,'04:44:59',false),
(1,41,171,'04:41:37',false),
(1,46,172,'04:45:12',false),
(1,105,173,'04:41:37',false),
(1,58,174,'04:43:26',false),
(1,143,175,'04:41:37',false),
(1,201,176,'04:45:58',false),
(1,214,177,'04:45:58',false),
(1,187,178,'04:46:01',false),
(1,203,179,'04:43:26',false),
(1,54,180,'04:46:08',false),
(1,53,181,'04:46:08',false),
(1,158,182,'04:46:27',false),
(1,174,183,'04:41:37',false),
(1,152,184,'04:47:04',false),
(1,23,185,'04:47:54',false),
(1,119,186,'04:48:06',false),
(1,129,187,'04:48:13',false),
(1,68,188,'04:48:21',false),
(1,166,189,'04:48:21',false),
(1,65,190,'04:48:21',false),
(1,76,191,'04:48:21',false),
(1,202,192,'04:48:21',false),
(1,106,193,'04:48:21',false),
(1,48,194,'04:48:21',false),
(1,212,195,'04:49:25',false),
(1,107,196,'04:49:25',false),
(1,37,197,'04:50:41',false),
(1,185,198,'04:53:33',false),
(2,1,1,'00:25:16',false),
(2,2,2,'00:25:16',false),
(2,3,3,'00:25:16',false),
(2,4,4,'00:25:16',false),
(2,5,5,'00:25:16',false),
(2,6,6,'00:25:16',false),
(2,7,7,'00:25:16',false),
(2,8,8,'00:25:16',false),
(2,9,9,'00:25:16',false),
(2,11,10,'00:24:52',false),
(2,12,11,'00:24:52',false),
(2,13,12,'00:24:52',false),
(2,14,13,'00:24:52',false),
(2,15,14,'00:24:52',false),
(2,16,15,'00:24:52',false),
(2,17,16,'00:24:52',false),
(2,18,17,'00:24:52',false),
(2,19,18,'00:24:52',false),
(2,21,19,'00:26:10',false),
(2,22,20,'00:26:10',false),
(2,23,21,'00:26:10',false),
(2,24,22,'00:26:10',false),
(2,25,23,'00:26:10',false),
(2,26,24,'00:26:10',false),
(2,27,25,'00:26:10',false),
(2,28,26,'00:26:10',false),
(2,29,27,'00:26:10',false),
(2,31,28,'00:25:27',false),
(2,32,29,'00:25:27',false),
(2,33,30,'00:25:27',false),
(2,34,31,'00:25:27',false),
(2,35,32,'00:25:27',false),
(2,36,33,'00:25:27',false),
(2,37,34,'00:25:27',false),
(2,38,35,'00:25:27',false),
(2,39,36,'00:25:27',false),
(2,41,37,'00:25:00',false),
(2,42,38,'00:25:00',false),
(2,43,39,'00:25:00',false),
(2,44,40,'00:25:00',false),
(2,45,41,'00:25:00',false),
(2,46,42,'00:25:00',false),
(2,47,43,'00:25:00',false),
(2,48,44,'00:25:00',false),
(2,49,45,'00:25:00',false),
(2,51,46,'00:24:48',false),
(2,52,47,'00:24:48',false),
(2,53,48,'00:24:48',false),
(2,54,49,'00:24:48',false),
(2,55,50,'00:24:48',false),
(2,56,51,'00:24:48',false),
(2,57,52,'00:24:48',false),
(2,58,53,'00:24:48',false),
(2,59,54,'00:24:48',false),
(2,61,55,'00:25:20',false),
(2,62,56,'00:25:20',false),
(2,63,57,'00:25:20',false),
(2,64,58,'00:25:20',false),
(2,65,59,'00:25:20',false),
(2,66,60,'00:25:20',false),
(2,67,61,'00:25:20',false),
(2,68,62,'00:25:20',false),
(2,69,63,'00:25:20',false),
(2,71,64,'00:24:58',false),
(2,72,65,'00:24:58',false),
(2,73,66,'00:24:58',false),
(2,74,67,'00:24:58',false),
(2,75,68,'00:24:58',false),
(2,76,69,'00:24:58',false),
(2,77,70,'00:24:58',false),
(2,78,71,'00:24:58',false),
(2,79,72,'00:24:58',false),
(2,81,73,'00:25:57',false),
(2,82,74,'00:25:57',false),
(2,83,75,'00:25:57',false),
(2,84,76,'00:25:57',false),
(2,85,77,'00:25:57',false),
(2,86,78,'00:25:57',false),
(2,87,79,'00:25:57',false),
(2,88,80,'00:25:57',false),
(2,89,81,'00:25:57',false),
(2,91,82,'00:25:45',false),
(2,92,83,'00:25:45',false),
(2,93,84,'00:25:45',false),
(2,94,85,'00:25:45',false),
(2,95,86,'00:25:45',false),
(2,96,87,'00:25:45',false),
(2,97,88,'00:25:45',false),
(2,98,89,'00:25:45',false),
(2,99,90,'00:25:45',false),
(2,101,91,'00:25:41',false),
(2,102,92,'00:25:41',false),
(2,103,93,'00:25:41',false),
(2,104,94,'00:25:41',false),
(2,105,95,'00:25:41',false),
(2,106,96,'00:25:41',false),
(2,107,97,'00:25:41',false),
(2,108,98,'00:25:41',false),
(2,109,99,'00:25:41',false),
(2,111,100,'00:24:52',false),
(2,112,101,'00:24:52',false),
(2,113,102,'00:24:52',false),
(2,114,103,'00:24:52',false),
(2,115,104,'00:24:52',false),
(2,116,105,'00:24:52',false),
(2,117,106,'00:24:52',false),
(2,118,107,'00:24:52',false),
(2,119,108,'00:24:52',false),
(2,121,109,'00:25:44',false),
(2,122,110,'00:25:44',false),
(2,123,111,'00:25:44',false),
(2,124,112,'00:25:44',false),
(2,125,113,'00:25:44',false),
(2,126,114,'00:25:44',false),
(2,127,115,'00:25:44',false),
(2,128,116,'00:25:44',false),
(2,129,117,'00:25:44',false),
(2,131,118,'00:25:34',false),
(2,132,119,'00:25:34',false),
(2,133,120,'00:25:34',false),
(2,134,121,'00:25:34',false),
(2,135,122,'00:25:34',false),
(2,136,123,'00:25:34',false),
(2,137,124,'00:25:34',false),
(2,138,125,'00:25:34',false),
(2,139,126,'00:25:34',false),
(2,141,127,'00:24:52',false),
(2,142,128,'00:24:52',false),
(2,143,129,'00:24:52',false),
(2,144,130,'00:24:52',false),
(2,145,131,'00:24:52',false),
(2,146,132,'00:24:52',false),
(2,147,133,'00:24:52',false),
(2,148,134,'00:24:52',false),
(2,149,135,'00:24:52',false),
(2,151,136,'00:26:08',false),
(2,152,137,'00:26:08',false),
(2,153,138,'00:26:08',false),
(2,154,139,'00:26:08',false),
(2,155,140,'00:26:08',false),
(2,156,141,'00:26:08',false),
(2,157,142,'00:26:08',false),
(2,158,143,'00:26:08',false),
(2,159,144,'00:26:08',false),
(2,161,145,'00:25:52',false),
(2,162,146,'00:25:52',false),
(2,163,147,'00:25:52',false),
(2,164,148,'00:25:52',false),
(2,165,149,'00:25:52',false),
(2,166,150,'00:25:52',false),
(2,167,151,'00:25:52',false),
(2,168,152,'00:25:52',false),
(2,169,153,'00:25:52',false),
(2,171,154,'00:24:53',false),
(2,172,155,'00:24:53',false),
(2,173,156,'00:24:53',false),
(2,174,157,'00:24:53',false),
(2,175,158,'00:24:53',false),
(2,176,159,'00:24:53',false),
(2,177,160,'00:24:53',false),
(2,178,161,'00:24:53',false),
(2,179,162,'00:24:53',false),
(2,181,163,'00:25:38',false),
(2,182,164,'00:25:38',false),
(2,183,165,'00:25:38',false),
(2,184,166,'00:25:38',false),
(2,185,167,'00:25:38',false),
(2,186,168,'00:25:38',false),
(2,187,169,'00:25:38',false),
(2,188,170,'00:25:38',false),
(2,189,171,'00:25:38',false),
(2,191,172,'00:25:52',false),
(2,192,173,'00:25:52',false),
(2,193,174,'00:25:52',false),
(2,194,175,'00:25:52',false),
(2,195,176,'00:25:52',false),
(2,196,177,'00:25:52',false),
(2,197,178,'00:25:52',false),
(2,198,179,'00:25:52',false),
(2,199,180,'00:25:52',false),
(2,201,181,'00:26:03',false),
(2,202,182,'00:26:03',false),
(2,203,183,'00:26:03',false),
(2,204,184,'00:26:03',false),
(2,205,185,'00:26:03',false),
(2,206,186,'00:26:03',false),
(2,207,187,'00:26:03',false),
(2,208,188,'00:26:03',false),
(2,209,189,'00:26:03',false),
(2,211,190,'00:25:50',false),
(2,212,191,'00:25:50',false),
(2,213,192,'00:25:50',false),
(2,214,193,'00:25:50',false),
(2,215,194,'00:25:50',false),
(2,216,195,'00:25:50',false),
(2,217,196,'00:25:50',false),
(2,218,197,'00:25:50',false),
(2,219,198,'00:25:50',false),
(3,54,1,'04:40:21',false),
(3,201,2,'04:40:21',false),
(3,88,3,'04:40:21',false),
(3,105,4,'04:40:21',false),
(3,171,5,'04:40:21',false),
(3,51,6,'04:40:21',false),
(3,53,7,'04:40:21',false),
(3,202,8,'04:40:21',false),
(3,33,9,'04:40:21',false),
(3,214,10,'04:40:21',false),
(3,193,11,'04:40:21',false),
(3,189,12,'04:40:21',false),
(3,114,13,'04:40:21',false),
(3,135,14,'04:40:21',false),
(3,117,15,'04:40:21',false),
(3,14,16,'04:40:21',false),
(3,132,17,'04:40:21',false),
(3,74,18,'04:40:21',false),
(3,208,19,'04:40:21',false),
(3,32,20,'04:40:21',false),
(3,66,21,'04:40:21',false),
(3,196,22,'04:40:21',false),
(3,72,23,'04:40:21',false),
(3,23,24,'04:40:21',false),
(3,128,25,'04:40:21',false),
(3,31,26,'04:40:21',false),
(3,124,27,'04:40:21',false),
(3,194,28,'04:40:21',false),
(3,134,29,'04:40:21',false),
(3,108,30,'04:40:21',false),
(3,183,31,'04:40:21',false),
(3,63,32,'04:40:21',false),
(3,101,33,'04:40:21',false),
(3,1,34,'04:40:21',false),
(3,141,35,'04:40:21',false),
(3,21,36,'04:40:21',false),
(3,24,37,'04:40:21',false),
(3,16,38,'04:40:21',false),
(3,115,39,'04:40:21',false),
(3,71,40,'04:40:21',false),
(3,34,41,'04:40:21',false),
(3,11,42,'04:40:21',false),
(3,144,43,'04:40:21',false),
(3,111,44,'04:40:21',false),
(3,18,45,'04:40:21',false),
(3,78,46,'04:40:21',false),
(3,13,47,'04:40:21',false),
(3,213,48,'04:40:21',false),
(3,161,49,'04:40:21',false),
(3,46,50,'04:40:21',false),
(3,211,51,'04:40:21',false),
(3,41,52,'04:40:21',false),
(3,45,53,'04:40:21',false),
(3,75,54,'04:40:21',false),
(3,175,55,'04:40:21',false),
(3,61,56,'04:40:21',false),
(3,218,57,'04:40:21',false),
(3,162,58,'04:40:21',false),
(3,207,59,'04:40:21',false),
(3,219,60,'04:40:21',false),
(3,48,61,'04:40:21',false),
(3,156,62,'04:40:21',false),
(3,158,63,'04:40:21',false),
(3,5,64,'04:40:21',false),
(3,151,65,'04:40:21',false),
(3,116,66,'04:40:21',false),
(3,29,67,'04:40:21',false),
(3,121,68,'04:40:21',false),
(3,113,69,'04:40:21',false),
(3,94,70,'04:40:21',false),
(3,179,71,'04:40:21',false),
(3,93,72,'04:40:21',false),
(3,35,73,'04:40:21',false),
(3,125,74,'04:40:21',false),
(3,91,75,'04:40:21',false),
(3,195,76,'04:40:21',false),
(3,99,77,'04:40:21',false),
(3,55,78,'04:40:21',false),
(3,47,79,'04:40:21',false),
(3,96,80,'04:40:21',false),
(3,84,81,'04:40:21',false),
(3,58,82,'04:40:21',false),
(3,36,83,'04:40:21',false),
(3,52,84,'04:40:21',false),
(3,15,85,'04:40:21',false),
(3,97,86,'04:40:21',false),
(3,131,87,'04:40:21',false),
(3,197,88,'04:40:21',false),
(3,163,89,'04:40:21',false),
(3,25,90,'04:40:21',false),
(3,137,91,'04:40:21',false),
(3,69,92,'04:40:21',false),
(3,39,93,'04:40:21',false),
(3,147,94,'04:40:21',false),
(3,198,95,'04:40:21',false),
(3,205,96,'04:40:21',false),
(3,112,97,'04:40:21',false),
(3,65,98,'04:40:21',false),
(3,168,99,'04:40:21',false),
(3,204,100,'04:40:21',false),
(3,118,101,'04:40:21',false),
(3,42,102,'04:40:21',false),
(3,119,103,'04:40:21',false),
(3,26,104,'04:40:21',false),
(3,79,105,'04:40:21',false),
(3,92,106,'04:40:21',false),
(3,4,107,'04:40:21',false),
(3,127,108,'04:40:21',false),
(3,64,109,'04:40:21',false),
(3,155,110,'04:40:21',false),
(3,191,111,'04:40:21',false),
(3,12,112,'04:40:21',false),
(3,9,113,'04:40:21',false),
(3,44,114,'04:40:21',false),
(3,87,115,'04:40:21',false),
(3,109,116,'04:40:21',false),
(3,104,117,'04:40:21',false),
(3,49,118,'04:40:21',false),
(3,178,119,'04:40:21',false),
(3,107,120,'04:40:21',false),
(3,83,121,'04:40:21',false),
(3,149,122,'04:40:21',false),
(3,143,123,'04:40:21',false),
(3,77,124,'04:40:21',false),
(3,176,125,'04:40:21',false),
(3,56,126,'04:40:21',false),
(3,139,127,'04:40:21',false),
(3,17,128,'04:40:21',false),
(3,43,129,'04:40:21',false),
(3,136,130,'04:40:21',false),
(3,8,131,'04:40:21',false),
(3,22,132,'04:40:21',false),
(3,165,133,'04:40:21',false),
(3,217,134,'04:40:21',false),
(3,86,135,'04:40:21',false),
(3,174,136,'04:40:21',false),
(3,73,137,'04:40:21',false),
(3,68,138,'04:40:21',false),
(3,199,139,'04:40:21',false),
(3,19,140,'04:40:21',false),
(3,57,141,'04:40:21',false),
(3,157,142,'04:40:21',false),
(3,182,143,'04:40:21',false),
(3,181,144,'04:40:21',false),
(3,166,145,'04:40:21',false),
(3,215,146,'04:40:21',false),
(3,186,147,'04:40:21',false),
(3,184,148,'04:40:21',false),
(3,62,149,'04:40:21',false),
(3,203,150,'04:40:21',false),
(3,28,151,'04:40:21',false),
(3,7,152,'04:40:21',false),
(3,102,153,'04:40:21',false),
(3,188,154,'04:40:21',false),
(3,152,155,'04:40:21',false),
(3,145,156,'04:40:21',false),
(3,148,157,'04:40:21',false),
(3,209,158,'04:40:21',false),
(3,212,159,'04:40:21',false),
(3,38,160,'04:40:21',false),
(3,169,161,'04:40:21',false),
(3,122,162,'04:40:21',false),
(3,81,163,'04:40:21',false),
(3,103,164,'04:40:21',false),
(3,146,165,'04:40:21',false),
(3,27,166,'04:40:21',false),
(3,98,167,'04:40:21',false),
(3,133,168,'04:40:21',false),
(3,82,169,'04:40:21',false),
(3,167,170,'04:40:21',false),
(3,138,171,'04:40:21',false),
(3,142,172,'04:40:21',false),
(3,123,173,'04:40:53',false),
(3,206,174,'04:41:09',false),
(3,95,175,'04:41:11',false),
(3,187,176,'04:41:24',false),
(3,177,177,'04:41:32',false),
(3,192,178,'04:41:41',false),
(3,173,179,'04:41:41',false),
(3,216,180,'04:41:48',false),
(3,153,181,'04:40:21',false),
(3,159,182,'04:42:59',false),
(3,67,183,'04:43:43',false),
(3,164,184,'04:43:43',false),
(3,85,185,'04:43:43',false),
(3,154,186,'04:43:43',false),
(3,89,187,'04:43:43',false),
(3,106,188,'04:43:43',false),
(3,37,189,'04:43:43',false),
(3,59,190,'04:43:43',false),
(3,3,191,'04:44:44',false),
(3,2,192,'04:44:44',false),
(3,6,193,'04:44:44',false),
(3,172,194,'04:44:44',false),
(3,76,195,'04:44:44',false),
(3,126,196,'04:44:44',false),
(3,129,197,'04:44:44',false),
(3,185,198,'04:46:18',false),
(4,141,1,'04:11:39',false),
(4,1,2,'04:11:39',false),
(4,61,3,'04:11:39',false),
(4,118,4,'04:11:39',false),
(4,32,5,'04:11:39',false),
(4,51,6,'04:11:39',false),
(4,18,7,'04:11:39',false),
(4,21,8,'04:11:39',false),
(4,31,9,'04:11:39',false),
(4,74,10,'04:11:39',false),
(4,111,11,'04:11:45',false),
(4,88,12,'04:11:45',false),
(4,91,13,'04:11:45',false),
(4,161,14,'04:11:47',false),
(4,66,15,'04:11:47',false),
(4,72,16,'04:11:47',false),
(4,41,17,'04:11:47',false),
(4,125,18,'04:11:47',false),
(4,55,19,'04:11:47',false),
(4,75,20,'04:11:47',false),
(4,175,21,'04:11:47',false),
(4,56,22,'04:11:47',false),
(4,11,23,'04:11:47',false),
(4,183,24,'04:11:47',false),
(4,13,25,'04:11:47',false),
(4,52,26,'04:11:47',false),
(4,45,27,'04:11:47',false),
(4,86,28,'04:11:47',false),
(4,117,29,'04:11:47',false),
(4,114,30,'04:11:47',false),
(4,58,31,'04:11:47',false),
(4,179,32,'04:11:47',false),
(4,178,33,'04:11:47',false),
(4,71,34,'04:11:47',false),
(4,134,35,'04:11:47',false),
(4,188,36,'04:11:47',false),
(4,42,37,'04:11:47',false),
(4,124,38,'04:11:47',false),
(4,205,39,'04:11:47',false),
(4,83,40,'04:11:47',false),
(4,198,41,'04:11:47',false),
(4,105,42,'04:11:58',false),
(4,101,43,'04:11:58',false),
(4,207,44,'04:12:02',false),
(4,26,45,'04:12:02',false),
(4,5,46,'04:12:02',false),
(4,208,47,'04:12:02',false),
(4,47,48,'04:12:02',false),
(4,211,49,'04:12:04',false),
(4,29,50,'04:12:04',false),
(4,93,51,'04:12:04',false),
(4,108,52,'04:12:04',false),
(4,15,53,'04:12:04',false),
(4,131,54,'04:12:04',false),
(4,199,55,'04:12:04',false),
(4,182,56,'04:12:04',false),
(4,194,57,'04:12:04',false),
(4,69,58,'04:12:04',false),
(4,154,59,'04:12:04',false),
(4,155,60,'04:12:04',false),
(4,79,61,'04:12:04',false),
(4,157,62,'04:12:04',false),
(4,121,63,'04:12:04',false),
(4,136,64,'04:12:04',false),
(4,181,65,'04:12:04',false),
(4,104,66,'04:12:04',false),
(4,191,67,'04:12:04',false),
(4,127,68,'04:12:04',false),
(4,137,69,'04:12:04',false),
(4,151,70,'04:12:04',false),
(4,148,71,'04:12:04',false),
(4,197,72,'04:12:04',false),
(4,135,73,'04:12:31',false),
(4,87,74,'04:12:31',false),
(4,14,75,'04:12:41',false),
(4,158,76,'04:12:41',false),
(4,63,77,'04:12:41',false),
(4,166,78,'04:12:41',false),
(4,102,79,'04:12:41',false),
(4,206,80,'04:12:44',false),
(4,123,81,'04:12:44',false),
(4,115,82,'04:12:46',false),
(4,113,83,'04:12:46',false),
(4,96,84,'04:12:46',false),
(4,219,85,'04:12:46',false),
(4,103,86,'04:12:46',false),
(4,139,87,'04:12:46',false),
(4,85,88,'04:12:46',false),
(4,62,89,'04:12:52',false),
(4,57,90,'04:12:52',false),
(4,38,91,'04:13:10',false),
(4,23,92,'04:13:26',false),
(4,19,93,'04:13:34',false),
(4,48,94,'04:13:34',false),
(4,146,95,'04:13:34',false),
(4,35,96,'04:13:34',false),
(4,116,97,'04:13:34',false),
(4,119,98,'04:13:34',false),
(4,133,99,'04:13:34',false),
(4,28,100,'04:13:44',false),
(4,144,101,'04:13:45',false),
(4,165,102,'04:13:45',false),
(4,169,103,'04:13:45',false),
(4,98,104,'04:13:45',false),
(4,204,105,'04:13:58',false),
(4,168,106,'04:13:58',false),
(4,189,107,'04:14:01',false),
(4,6,108,'04:14:01',false),
(4,77,109,'04:14:01',false),
(4,25,110,'04:14:01',false),
(4,73,111,'04:14:01',false),
(4,128,112,'04:14:01',false),
(4,99,113,'04:14:01',false),
(4,162,114,'04:14:01',false),
(4,213,115,'04:14:01',false),
(4,122,116,'04:14:01',false),
(4,167,117,'04:14:01',false),
(4,95,118,'04:14:01',false),
(4,68,119,'04:14:01',false),
(4,44,120,'04:14:01',false),
(4,216,121,'04:14:17',false),
(4,17,122,'04:14:34',false),
(4,43,123,'04:14:34',false),
(4,195,124,'04:14:34',false),
(4,202,125,'04:14:43',false),
(4,78,126,'04:15:00',false),
(4,24,127,'04:15:00',false),
(4,109,128,'04:15:00',false),
(4,49,129,'04:15:22',false),
(4,46,130,'04:15:22',false),
(4,112,131,'04:15:22',false),
(4,138,132,'04:15:22',false),
(4,107,133,'04:15:22',false),
(4,132,134,'04:15:22',false),
(4,7,135,'04:15:56',false),
(4,16,136,'04:15:56',false),
(4,4,137,'04:15:56',false),
(4,174,138,'04:15:56',false),
(4,176,139,'04:15:56',false),
(4,67,140,'04:15:56',false),
(4,172,141,'04:15:56',false),
(4,212,142,'04:15:56',false),
(4,8,143,'04:15:56',false),
(4,92,144,'04:15:56',false),
(4,65,145,'04:15:56',false),
(4,64,146,'04:15:56',false),
(4,177,147,'04:15:56',false),
(4,203,148,'04:15:56',false),
(4,9,149,'04:15:56',false),
(4,171,150,'04:15:56',false),
(4,89,151,'04:15:56',false),
(4,53,152,'04:15:56',false),
(4,126,153,'04:15:56',false),
(4,84,154,'04:15:56',false),
(4,149,155,'04:15:56',false),
(4,184,156,'04:15:56',false),
(4,22,157,'04:15:56',false),
(4,54,158,'04:15:56',false),
(4,39,159,'04:15:56',false),
(4,147,160,'04:15:56',false),
(4,215,161,'04:15:56',false),
(4,142,162,'04:15:56',false),
(4,12,163,'04:15:56',false),
(4,173,164,'04:15:56',false),
(4,106,165,'04:15:56',false),
(4,187,166,'04:16:36',false),
(4,186,167,'04:16:36',false),
(4,156,168,'04:18:30',false),
(4,153,169,'04:18:30',false),
(4,143,170,'04:19:22',false),
(4,129,171,'04:19:36',false),
(4,34,172,'04:19:52',false),
(4,152,173,'04:19:52',false),
(4,201,174,'04:19:52',false),
(4,97,175,'04:19:52',false),
(4,3,176,'04:19:52',false),
(4,2,177,'04:19:52',false),
(4,81,178,'04:19:52',false),
(4,82,179,'04:19:52',false),
(4,192,180,'04:19:52',false),
(4,196,181,'04:19:52',false),
(4,193,182,'04:19:52',false),
(4,33,183,'04:19:52',false),
(4,159,184,'04:19:52',false),
(4,27,185,'04:19:52',false),
(4,164,186,'04:19:52',false),
(4,145,187,'04:19:52',false),
(4,163,188,'04:19:52',false),
(4,209,189,'04:19:52',false),
(4,218,190,'04:19:52',false),
(4,59,191,'04:19:52',false),
(4,217,192,'04:19:52',false),
(4,94,193,'04:19:52',false),
(4,214,194,'04:19:52',false),
(4,36,195,'04:19:52',false),
(4,76,196,'04:20:24',false),
(4,185,197,'04:20:24',false),
(5,171,1,'03:38:32',false),
(5,32,2,'03:38:32',false),
(5,88,3,'03:38:32',false),
(5,156,4,'03:38:32',false),
(5,117,5,'03:38:32',false),
(5,33,6,'03:38:32',false),
(5,105,7,'03:38:32',false),
(5,132,8,'03:38:32',false),
(5,95,9,'03:38:32',false),
(5,51,10,'03:38:32',false),
(5,141,11,'03:38:32',false),
(5,74,12,'03:38:32',false),
(5,134,13,'03:38:32',false),
(5,16,14,'03:38:32',false),
(5,31,15,'03:38:32',false),
(5,66,16,'03:38:32',false),
(5,208,17,'03:38:32',false),
(5,111,18,'03:38:32',false),
(5,137,19,'03:38:32',false),
(5,101,20,'03:38:32',false),
(5,193,21,'03:38:32',false),
(5,183,22,'03:38:32',false),
(5,13,23,'03:38:32',false),
(5,127,24,'03:38:32',false),
(5,21,25,'03:38:32',false),
(5,175,26,'03:38:32',false),
(5,205,27,'03:38:32',false),
(5,61,28,'03:38:32',false),
(5,155,29,'03:38:32',false),
(5,114,30,'03:38:32',false),
(5,144,31,'03:38:32',false),
(5,124,32,'03:38:32',false),
(5,63,33,'03:38:32',false),
(5,197,34,'03:38:32',false),
(5,1,35,'03:38:32',false),
(5,72,36,'03:38:32',false),
(5,85,37,'03:38:32',false),
(5,161,38,'03:38:32',false),
(5,211,39,'03:38:32',false),
(5,56,40,'03:38:32',false),
(5,18,41,'03:38:32',false),
(5,41,42,'03:38:32',false),
(5,151,43,'03:38:32',false),
(5,108,44,'03:38:32',false),
(5,42,45,'03:38:32',false),
(5,79,46,'03:38:32',false),
(5,125,47,'03:38:32',false),
(5,91,48,'03:38:32',false),
(5,11,49,'03:38:32',false),
(5,189,50,'03:38:32',false),
(5,29,51,'03:38:32',false),
(5,194,52,'03:38:32',false),
(5,52,53,'03:38:32',false),
(5,201,54,'03:38:32',false),
(5,55,55,'03:38:32',false),
(5,45,56,'03:38:32',false),
(5,118,57,'03:38:32',false),
(5,58,58,'03:38:32',false),
(5,75,59,'03:38:32',false),
(5,47,60,'03:38:32',false),
(5,154,61,'03:38:32',false),
(5,15,62,'03:38:32',false),
(5,198,63,'03:38:32',false),
(5,191,64,'03:38:32',false),
(5,83,65,'03:38:32',false),
(5,159,66,'03:38:32',false),
(5,199,67,'03:38:32',false),
(5,179,68,'03:38:32',false),
(5,23,69,'03:38:32',false),
(5,84,70,'03:38:32',false),
(5,181,71,'03:38:32',false),
(5,14,72,'03:38:32',false),
(5,135,73,'03:38:32',false),
(5,35,74,'03:38:32',false),
(5,93,75,'03:38:32',false),
(5,25,76,'03:38:32',false),
(5,24,77,'03:38:32',false),
(5,219,78,'03:38:32',false),
(5,102,79,'03:38:32',false),
(5,44,80,'03:38:32',false),
(5,192,81,'03:38:32',false),
(5,53,82,'03:38:32',false),
(5,9,83,'03:38:32',false),
(5,207,84,'03:38:32',false),
(5,73,85,'03:38:32',false),
(5,48,86,'03:38:32',false),
(5,131,87,'03:38:32',false),
(5,136,88,'03:38:32',false),
(5,133,89,'03:38:32',false),
(5,204,90,'03:38:32',false),
(5,149,91,'03:38:32',false),
(5,68,92,'03:38:32',false),
(5,188,93,'03:38:32',false),
(5,76,94,'03:38:32',false),
(5,202,95,'03:38:32',false),
(5,69,96,'03:38:32',false),
(5,54,97,'03:38:32',false),
(5,103,98,'03:38:32',false),
(5,81,99,'03:38:32',false),
(5,182,100,'03:38:32',false),
(5,34,101,'03:38:32',false),
(5,162,102,'03:38:32',false),
(5,86,103,'03:38:32',false),
(5,116,104,'03:38:32',false),
(5,157,105,'03:38:32',false),
(5,139,106,'03:38:32',false),
(5,121,107,'03:38:32',false),
(5,217,108,'03:38:32',false),
(5,215,109,'03:38:32',false),
(5,36,110,'03:38:57',false),
(5,26,111,'03:38:57',false),
(5,209,112,'03:38:57',false),
(5,46,113,'03:38:57',false),
(5,169,114,'03:39:04',false),
(5,212,115,'03:39:04',false),
(5,174,116,'03:39:04',false),
(5,62,117,'03:39:04',false),
(5,96,118,'03:39:04',false),
(5,113,119,'03:39:04',false),
(5,214,120,'03:39:08',false),
(5,38,121,'03:39:08',false),
(5,4,122,'03:39:08',false),
(5,8,123,'03:39:08',false),
(5,168,124,'03:39:08',false),
(5,92,125,'03:39:08',false),
(5,167,126,'03:39:08',false),
(5,166,127,'03:39:08',false),
(5,165,128,'03:39:28',false),
(5,152,129,'03:39:32',false),
(5,39,130,'03:40:07',false),
(5,206,131,'03:40:07',false),
(5,99,132,'03:40:14',false),
(5,187,133,'03:40:14',false),
(5,115,134,'03:40:14',false),
(5,195,135,'03:40:14',false),
(5,147,136,'03:40:17',false),
(5,17,137,'03:40:17',false),
(5,98,138,'03:40:17',false),
(5,148,139,'03:40:17',false),
(5,146,140,'03:40:17',false),
(5,107,141,'03:40:17',false),
(5,145,142,'03:40:17',false),
(5,5,143,'03:40:17',false),
(5,184,144,'03:40:21',false),
(5,216,145,'03:40:21',false),
(5,12,146,'03:40:21',false),
(5,27,147,'03:40:21',false),
(5,94,148,'03:40:21',false),
(5,49,149,'03:40:21',false),
(5,97,150,'03:40:29',false),
(5,112,151,'03:40:29',false),
(5,138,152,'03:40:37',false),
(5,177,153,'03:40:57',false),
(5,64,154,'03:41:02',false),
(5,119,155,'03:41:06',false),
(5,178,156,'03:41:18',false),
(5,143,157,'03:41:18',false),
(5,173,158,'03:41:18',false),
(5,172,159,'03:41:18',false),
(5,19,160,'03:41:18',false),
(5,6,161,'03:41:18',false),
(5,43,162,'03:41:18',false),
(5,65,163,'03:41:18',false),
(5,164,164,'03:41:18',false),
(5,3,165,'03:41:18',false),
(5,163,166,'03:41:18',false),
(5,158,167,'03:41:18',false),
(5,89,168,'03:41:18',false),
(5,67,169,'03:41:18',false),
(5,59,170,'03:43:01',false),
(5,176,171,'03:43:01',false),
(5,203,172,'03:43:01',false),
(5,57,173,'03:43:01',false),
(5,2,174,'03:43:01',false),
(5,7,175,'03:43:01',false),
(5,129,176,'03:43:01',false),
(5,213,177,'03:43:01',false),
(5,196,178,'03:43:01',false),
(5,218,179,'03:43:01',false),
(5,77,180,'03:43:01',false),
(5,104,181,'03:43:01',false),
(5,78,182,'03:43:01',false),
(5,109,183,'03:43:01',false),
(5,123,184,'03:43:01',false),
(5,106,185,'03:43:42',false),
(5,82,186,'03:44:28',false),
(5,87,187,'03:44:28',false),
(5,185,188,'03:44:36',false),
(5,142,189,'03:47:05',false),
(5,153,190,'03:47:05',false),
(5,22,191,'03:47:05',false),
(5,128,192,'03:51:15',false),
(5,28,193,'03:51:15',false),
(5,122,194,'03:51:40',false),
(5,126,195,'03:51:40',false),
(6,114,1,'05:13:37',false),
(6,174,2,'05:13:37',false),
(6,51,3,'05:13:37',false),
(6,201,4,'05:13:37',false),
(6,88,5,'05:13:37',false),
(6,139,6,'05:13:37',false),
(6,32,7,'05:13:37',false),
(6,123,8,'05:13:37',false),
(6,206,9,'05:13:37',false),
(6,134,10,'05:13:37',false),
(6,13,11,'05:13:37',false),
(6,141,12,'05:13:37',false),
(6,155,13,'05:13:37',false),
(6,105,14,'05:13:37',false),
(6,74,15,'05:13:37',false),
(6,117,16,'05:13:37',false),
(6,202,17,'05:13:37',false),
(6,153,18,'05:13:37',false),
(6,183,19,'05:13:37',false),
(6,14,20,'05:13:37',false),
(6,101,21,'05:13:37',false),
(6,61,22,'05:13:37',false),
(6,208,23,'05:13:37',false),
(6,23,24,'05:13:37',false),
(6,102,25,'05:13:37',false),
(6,175,26,'05:13:37',false),
(6,72,27,'05:13:37',false),
(6,21,28,'05:13:37',false),
(6,108,29,'05:13:37',false),
(6,31,30,'05:13:37',false),
(6,163,31,'05:13:37',false),
(6,11,32,'05:13:37',false),
(6,52,33,'05:13:37',false),
(6,159,34,'05:13:37',false),
(6,124,35,'05:13:37',false),
(6,55,36,'05:13:37',false),
(6,125,37,'05:13:37',false),
(6,15,38,'05:13:37',false),
(6,45,39,'05:13:37',false),
(6,18,40,'05:13:37',false),
(6,161,41,'05:13:37',false),
(6,66,42,'05:13:37',false),
(6,118,43,'05:13:37',false),
(6,211,44,'05:13:37',false),
(6,144,45,'05:13:37',false),
(6,127,46,'05:13:37',false),
(6,56,47,'05:13:37',false),
(6,1,48,'05:13:37',false),
(6,58,49,'05:13:37',false),
(6,91,50,'05:13:37',false),
(6,179,51,'05:13:37',false),
(6,42,52,'05:13:37',false),
(6,41,53,'05:13:37',false),
(6,79,54,'05:13:37',false),
(6,191,55,'05:13:37',false),
(6,111,56,'05:13:37',false),
(6,198,57,'05:13:37',false),
(6,29,58,'05:13:37',false),
(6,199,59,'05:13:37',false),
(6,197,60,'05:13:37',false),
(6,112,61,'05:13:37',false),
(6,181,62,'05:13:37',false),
(6,188,63,'05:14:00',false),
(6,131,64,'05:14:00',false),
(6,83,65,'05:14:03',false),
(6,47,66,'05:14:03',false),
(6,48,67,'05:14:03',false),
(6,151,68,'05:14:05',false),
(6,194,69,'05:14:07',false),
(6,207,70,'05:14:07',false),
(6,182,71,'05:14:25',false),
(6,25,72,'05:14:25',false),
(6,136,73,'05:14:25',false),
(6,63,74,'05:14:25',false),
(6,205,75,'05:14:25',false),
(6,49,76,'05:14:25',false),
(6,189,77,'05:14:25',false),
(6,68,78,'05:14:25',false),
(6,85,79,'05:14:25',false),
(6,93,80,'05:14:25',false),
(6,26,81,'05:14:25',false),
(6,157,82,'05:14:25',false),
(6,192,83,'05:14:25',false),
(6,158,84,'05:14:25',false),
(6,156,85,'05:14:25',false),
(6,219,86,'05:14:25',false),
(6,154,87,'05:14:25',false),
(6,169,88,'05:14:25',false),
(6,216,89,'05:14:25',false),
(6,167,90,'05:14:25',false),
(6,75,91,'05:14:42',false),
(6,38,92,'05:14:42',false),
(6,104,93,'05:14:42',false),
(6,65,94,'05:14:42',false),
(6,204,95,'05:14:42',false),
(6,213,96,'05:14:42',false),
(6,69,97,'05:15:11',false),
(6,95,98,'05:15:11',false),
(6,115,99,'05:15:21',false),
(6,99,100,'05:15:21',false),
(6,171,101,'05:15:21',false),
(6,94,102,'05:15:21',false),
(6,113,103,'05:15:21',false),
(6,62,104,'05:15:21',false),
(6,96,105,'05:15:21',false),
(6,116,106,'05:15:21',false),
(6,135,107,'05:15:21',false),
(6,133,108,'05:15:21',false),
(6,7,109,'05:15:21',false),
(6,168,110,'05:15:21',false),
(6,212,111,'05:15:21',false),
(6,107,112,'05:15:21',false),
(6,132,113,'05:15:21',false),
(6,137,114,'05:15:21',false),
(6,193,115,'05:15:21',false),
(6,203,116,'05:15:37',false),
(6,215,117,'05:16:00',false),
(6,34,118,'05:16:00',false),
(6,8,119,'05:16:00',false),
(6,12,120,'05:16:00',false),
(6,4,121,'05:16:00',false),
(6,89,122,'05:16:00',false),
(6,35,123,'05:16:00',false),
(6,54,124,'05:16:00',false),
(6,149,125,'05:16:00',false),
(6,142,126,'05:16:00',false),
(6,195,127,'05:16:00',false),
(6,3,128,'05:16:00',false),
(6,164,129,'05:16:00',false),
(6,92,130,'05:16:00',false),
(6,165,131,'05:16:00',false),
(6,44,132,'05:16:00',false),
(6,43,133,'05:16:00',false),
(6,178,134,'05:16:00',false),
(6,166,135,'05:16:00',false),
(6,145,136,'05:16:00',false),
(6,84,137,'05:16:00',false),
(6,81,138,'05:16:00',false),
(6,162,139,'05:16:00',false),
(6,129,140,'05:16:00',false),
(6,24,141,'05:16:00',false),
(6,22,142,'05:16:00',false),
(6,53,143,'05:16:00',false),
(6,146,144,'05:16:00',false),
(6,109,145,'05:16:00',false),
(6,103,146,'05:16:00',false),
(6,217,147,'05:16:00',false),
(6,64,148,'05:16:00',false),
(6,57,149,'05:16:00',false),
(6,176,150,'05:16:00',false),
(6,17,151,'05:16:00',false),
(6,147,152,'05:16:00',false),
(6,9,153,'05:16:00',false),
(6,184,154,'05:16:00',false),
(6,122,155,'05:16:00',false),
(6,73,156,'05:16:00',false),
(6,16,157,'05:16:00',false),
(6,78,158,'05:16:00',false),
(6,36,159,'05:16:49',false),
(6,173,160,'05:16:52',false),
(6,39,161,'05:16:52',false),
(6,6,162,'05:17:06',false),
(6,19,163,'05:17:06',false),
(6,46,164,'05:17:06',false),
(6,126,165,'05:17:06',false),
(6,218,166,'05:17:38',false),
(6,209,167,'05:17:41',false),
(6,143,168,'05:18:45',false),
(6,59,169,'05:19:04',false),
(6,106,170,'05:19:10',false),
(6,76,171,'05:19:11',false),
(6,172,172,'05:22:06',false),
(6,138,173,'05:26:03',false),
(6,2,174,'05:26:03',false),
(6,196,175,'05:26:03',false),
(6,77,176,'05:26:03',false),
(6,177,177,'05:26:03',false),
(6,97,178,'05:26:03',false),
(6,119,179,'05:26:03',false),
(6,86,180,'05:26:03',false),
(6,82,181,'05:26:03',false),
(6,148,182,'05:26:03',false),
(6,98,183,'05:26:03',false),
(6,33,184,'05:26:03',false),
(6,187,185,'05:26:03',false),
(6,152,186,'05:26:03',false),
(6,5,187,'05:26:03',false),
(6,121,188,'05:26:03',false),
(6,27,189,'05:26:03',false),
(6,67,190,'05:26:03',false),
(6,128,191,'05:26:03',false),
(6,185,192,'05:26:03',false),
(6,214,193,'05:26:03',false),
(7,171,1,'05:38:53',false),
(7,169,2,'05:38:53',false),
(7,33,3,'05:38:53',false),
(7,201,4,'05:38:53',false),
(7,132,5,'05:38:53',false),
(7,193,6,'05:38:53',false),
(7,51,7,'05:38:53',false),
(7,189,8,'05:38:53',false),
(7,88,9,'05:38:53',false),
(7,105,10,'05:38:53',false),
(7,127,11,'05:38:53',false),
(7,134,12,'05:38:53',false),
(7,202,13,'05:38:53',false),
(7,32,14,'05:38:53',false),
(7,101,15,'05:38:53',false),
(7,11,16,'05:38:53',false),
(7,16,17,'05:38:53',false),
(7,56,18,'05:38:53',false),
(7,31,19,'05:38:53',false),
(7,177,20,'05:38:53',false),
(7,13,21,'05:38:53',false),
(7,141,22,'05:38:53',false),
(7,149,23,'05:38:53',false),
(7,124,24,'05:38:53',false),
(7,208,25,'05:38:53',false),
(7,58,26,'05:38:53',false),
(7,53,27,'05:38:53',false),
(7,165,28,'05:38:53',false),
(7,49,29,'05:38:53',false),
(7,74,30,'05:38:53',false),
(7,18,31,'05:38:53',false),
(7,61,32,'05:38:53',false),
(7,1,33,'05:38:53',false),
(7,85,34,'05:38:53',false),
(7,163,35,'05:38:53',false),
(7,161,36,'05:38:53',false),
(7,108,37,'05:38:53',false),
(7,46,38,'05:38:53',false),
(7,175,39,'05:38:53',false),
(7,179,40,'05:38:53',false),
(7,41,41,'05:38:53',false),
(7,23,42,'05:38:53',false),
(7,151,43,'05:38:53',false),
(7,158,44,'05:38:53',false),
(7,191,45,'05:38:53',false),
(7,211,46,'05:38:53',false),
(7,52,47,'05:38:53',false),
(7,14,48,'05:38:53',false),
(7,218,49,'05:38:53',false),
(7,25,50,'05:38:53',false),
(7,21,51,'05:38:53',false),
(7,91,52,'05:38:53',false),
(7,42,53,'05:38:53',false),
(7,181,54,'05:38:53',false),
(7,15,55,'05:38:53',false),
(7,94,56,'05:38:53',false),
(7,99,57,'05:38:53',false),
(7,205,58,'05:38:53',false),
(7,76,59,'05:38:53',false),
(7,48,60,'05:38:53',false),
(7,34,61,'05:38:53',false),
(7,79,62,'05:38:53',false),
(7,93,63,'05:38:53',false),
(7,7,64,'05:38:53',false),
(7,107,65,'05:38:53',false),
(7,4,66,'05:38:53',false),
(7,96,67,'05:38:53',false),
(7,36,68,'05:38:53',false),
(7,83,69,'05:38:53',false),
(7,142,70,'05:38:53',false),
(7,82,71,'05:38:53',false),
(7,98,72,'05:38:53',false),
(7,206,73,'05:38:53',false),
(7,199,74,'05:38:53',false),
(7,47,75,'05:38:53',false),
(7,27,76,'05:38:53',false),
(7,139,77,'05:38:53',false),
(7,133,78,'05:38:53',false),
(7,121,79,'05:38:53',false),
(7,174,80,'05:38:53',false),
(7,39,81,'05:39:09',false),
(7,196,82,'05:39:12',false),
(7,167,83,'05:39:25',false),
(7,184,84,'05:39:25',false),
(7,35,85,'05:39:55',false),
(7,8,86,'05:39:55',false),
(7,173,87,'05:40:01',false),
(7,17,88,'05:40:15',false),
(7,219,89,'05:40:15',false),
(7,147,90,'05:40:15',false),
(7,89,91,'05:40:15',false),
(7,12,92,'05:40:15',false),
(7,19,93,'05:40:46',false),
(7,143,94,'05:40:46',false),
(7,59,95,'05:41:06',false),
(7,38,96,'05:41:34',false),
(7,176,97,'05:41:37',false),
(7,178,98,'05:41:37',false),
(7,182,99,'05:41:59',false),
(7,115,100,'05:41:59',false),
(7,55,101,'05:41:59',false),
(7,154,102,'05:41:59',false),
(7,187,103,'05:41:59',false),
(7,64,104,'05:41:59',false),
(7,129,105,'05:41:59',false),
(7,43,106,'05:41:59',false),
(7,44,107,'05:41:59',false),
(7,152,108,'05:41:59',false),
(7,157,109,'05:41:59',false),
(7,164,110,'05:41:59',false),
(7,95,111,'05:41:59',false),
(7,97,112,'05:41:59',false),
(7,204,113,'05:41:59',false),
(7,212,114,'05:41:59',false),
(7,215,115,'05:41:59',false),
(7,156,116,'05:41:59',false),
(7,188,117,'05:41:59',false),
(7,119,118,'05:41:59',false),
(7,203,119,'05:41:59',false),
(7,114,120,'05:41:59',false),
(7,45,121,'05:41:59',false),
(7,162,122,'05:41:59',false),
(7,159,123,'05:41:59',false),
(7,214,124,'05:41:59',false),
(7,197,125,'05:41:59',false),
(7,172,126,'05:41:59',false),
(7,144,127,'05:41:59',false),
(7,117,128,'05:41:59',false),
(7,113,129,'05:41:59',false),
(7,183,130,'05:41:59',false),
(7,155,131,'05:41:59',false),
(7,92,132,'05:41:59',false),
(7,126,133,'05:41:59',false),
(7,209,134,'05:41:59',false),
(7,6,135,'05:41:59',false),
(7,217,136,'05:41:59',false),
(7,9,137,'05:41:59',false),
(7,194,138,'05:41:59',false),
(7,168,139,'05:41:59',false),
(7,109,140,'05:41:59',false),
(7,153,141,'05:41:59',false),
(7,103,142,'05:41:59',false),
(7,131,143,'05:41:59',false),
(7,118,144,'05:41:59',false),
(7,116,145,'05:41:59',false),
(7,29,146,'05:41:59',false),
(7,195,147,'05:41:59',false),
(7,3,148,'05:41:59',false),
(7,66,149,'05:41:59',false),
(7,65,150,'05:41:59',false),
(7,22,151,'05:41:59',false),
(7,5,152,'05:41:59',false),
(7,24,153,'05:41:59',false),
(7,62,154,'05:41:59',false),
(7,67,155,'05:41:59',false),
(7,148,156,'05:41:59',false),
(7,75,157,'05:41:59',false),
(7,68,158,'05:41:59',false),
(7,166,159,'05:41:59',false),
(7,104,160,'05:41:59',false),
(7,26,161,'05:41:59',false),
(7,102,162,'05:41:59',false),
(7,73,163,'05:41:59',false),
(7,146,164,'05:41:59',false),
(7,138,165,'05:41:59',false),
(7,192,166,'05:41:59',false),
(7,145,167,'05:41:59',false),
(7,185,168,'05:41:59',false),
(7,81,169,'05:41:59',false),
(7,198,170,'05:41:59',false),
(7,84,171,'05:41:59',false),
(7,54,172,'05:41:59',false),
(7,125,173,'05:41:59',false),
(7,86,174,'05:41:59',false),
(7,135,175,'05:41:59',false),
(7,137,176,'05:41:59',false),
(7,213,177,'05:41:59',false),
(7,216,178,'05:41:59',false),
(7,112,179,'05:41:59',false),
(7,207,180,'05:42:30',false),
(7,106,181,'05:43:07',false),
(7,78,182,'05:45:31',false),
(7,77,183,'05:45:31',false),
(7,57,184,'05:45:31',false),
(7,63,185,'05:51:34',false),
(7,2,186,'05:51:34',false),
(7,69,187,'05:51:34',false),
(7,123,188,'05:51:34',false),
(7,128,189,'05:51:34',false),
(7,72,190,'05:51:34',false),
(8,83,1,'04:36:46',false),
(8,32,2,'04:36:58',false),
(8,141,3,'04:37:01',false),
(8,21,4,'04:37:01',false),
(8,179,5,'04:37:01',false),
(8,125,6,'04:37:01',false),
(8,161,7,'04:37:01',false),
(8,1,8,'04:37:01',false),
(8,11,9,'04:37:01',false),
(8,18,10,'04:37:01',false),
(8,118,11,'04:37:01',false),
(8,31,12,'04:37:01',false),
(8,74,13,'04:37:01',false),
(8,91,14,'04:37:01',false),
(8,58,15,'04:37:01',false),
(8,51,16,'04:37:01',false),
(8,52,17,'04:37:01',false),
(8,13,18,'04:37:01',false),
(8,101,19,'04:37:01',false),
(8,175,20,'04:37:01',false),
(8,108,21,'04:37:01',false),
(8,61,22,'04:37:01',false),
(8,117,23,'04:37:01',false),
(8,199,24,'04:37:01',false),
(8,79,25,'04:37:12',false),
(8,56,26,'04:37:12',false),
(8,114,27,'04:37:12',false),
(8,15,28,'04:37:12',false),
(8,134,29,'04:37:12',false),
(8,75,30,'04:37:15',false),
(8,151,31,'04:37:15',false),
(8,88,32,'04:37:15',false),
(8,181,33,'04:37:15',false),
(8,188,34,'04:37:19',false),
(8,182,35,'04:37:19',false),
(8,124,36,'04:37:19',false),
(8,109,37,'04:37:19',false),
(8,208,38,'04:37:19',false),
(8,211,39,'04:37:19',false),
(8,194,40,'04:37:36',false),
(8,204,41,'04:37:36',false),
(8,191,42,'04:37:36',false),
(8,23,43,'04:37:36',false),
(8,131,44,'04:37:36',false),
(8,157,45,'04:37:36',false),
(8,104,46,'04:37:36',false),
(8,63,47,'04:37:36',false),
(8,205,48,'04:37:36',false),
(8,62,49,'04:37:48',false),
(8,29,50,'04:38:02',false),
(8,6,51,'04:38:02',false),
(8,3,52,'04:38:02',false),
(8,48,53,'04:38:09',false),
(8,112,54,'04:38:09',false),
(8,47,55,'04:38:09',false),
(8,41,56,'04:38:09',false),
(8,14,57,'04:38:09',false),
(8,5,58,'04:38:09',false),
(8,55,59,'04:38:19',false),
(8,93,60,'04:38:24',false),
(8,206,61,'04:38:24',false),
(8,38,62,'04:38:35',false),
(8,98,63,'04:38:35',false),
(8,42,64,'04:38:46',false),
(8,183,65,'04:38:56',false),
(8,178,66,'04:38:58',false),
(8,127,67,'04:39:11',false),
(8,45,68,'04:39:22',false),
(8,81,69,'04:39:30',false),
(8,148,70,'04:39:38',false),
(8,156,71,'04:39:48',false),
(8,219,72,'04:39:48',false),
(8,69,73,'04:39:59',false),
(8,103,74,'04:39:59',false),
(8,77,75,'04:40:19',false),
(8,84,76,'04:40:19',false),
(8,25,77,'04:40:19',false),
(8,22,78,'04:40:19',false),
(8,67,79,'04:40:35',false),
(8,96,80,'04:40:35',false),
(8,145,81,'04:41:51',false),
(8,164,82,'04:42:22',false),
(8,167,83,'04:42:22',false),
(8,2,84,'04:42:22',false),
(8,7,85,'04:42:22',false),
(8,209,86,'04:42:22',false),
(8,113,87,'04:42:22',false),
(8,95,88,'04:42:22',false),
(8,144,89,'04:42:22',false),
(8,168,90,'04:42:22',false),
(8,146,91,'04:42:22',false),
(8,155,92,'04:42:22',false),
(8,26,93,'04:42:22',false),
(8,107,94,'04:42:22',false),
(8,9,95,'04:42:22',false),
(8,119,96,'04:42:22',false),
(8,102,97,'04:46:24',false),
(8,115,98,'04:46:24',false),
(8,197,99,'04:46:24',false),
(8,19,100,'04:46:24',false),
(8,46,101,'04:47:53',false),
(8,34,102,'04:47:53',false),
(8,203,103,'04:47:53',false),
(8,4,104,'04:47:53',false),
(8,24,105,'04:47:53',false),
(8,73,106,'04:47:53',false),
(8,85,107,'04:47:53',false),
(8,165,108,'04:47:53',false),
(8,198,109,'04:47:53',false),
(8,213,110,'04:47:53',false),
(8,192,111,'04:47:53',false),
(8,159,112,'04:47:53',false),
(8,189,113,'04:47:53',false),
(8,121,114,'04:47:53',false),
(8,129,115,'04:47:57',false),
(8,142,116,'04:47:57',false),
(8,78,117,'04:49:52',false),
(8,154,118,'04:52:02',false),
(8,137,119,'04:54:40',false),
(8,139,120,'04:54:40',false),
(8,135,121,'04:54:40',false),
(8,133,122,'04:54:40',false),
(8,162,123,'04:54:40',false),
(8,215,124,'04:54:40',false),
(8,126,125,'04:55:35',false),
(8,201,126,'04:56:45',false),
(8,152,127,'04:56:45',false),
(8,99,128,'04:56:45',false),
(8,143,129,'04:56:45',false),
(8,173,130,'04:56:45',false),
(8,94,131,'04:56:45',false),
(8,185,132,'04:56:45',false),
(8,92,133,'04:56:45',false),
(8,16,134,'04:56:45',false),
(8,17,135,'04:56:45',false),
(8,12,136,'04:56:45',false),
(8,105,137,'04:56:45',false),
(8,138,138,'04:56:45',false),
(8,36,139,'04:56:45',false),
(8,149,140,'04:56:45',false),
(8,177,141,'04:56:45',false),
(8,147,142,'04:56:45',false),
(8,53,143,'04:56:45',false),
(8,8,144,'04:56:45',false),
(8,33,145,'04:56:45',false),
(8,106,146,'04:56:45',false),
(8,35,147,'04:56:45',false),
(8,187,148,'04:56:45',false),
(8,68,149,'04:56:45',false),
(8,174,150,'04:56:45',false),
(8,195,151,'04:56:45',false),
(8,184,152,'04:56:45',false),
(8,64,153,'04:56:45',false),
(8,169,154,'04:56:45',false),
(8,166,155,'04:56:45',false),
(8,97,156,'04:56:45',false),
(8,193,157,'04:56:45',false),
(8,82,158,'04:56:45',false),
(8,39,159,'04:56:45',false),
(8,196,160,'04:56:45',false),
(8,212,161,'04:56:45',false),
(8,132,162,'04:56:45',false),
(8,128,163,'04:56:45',false),
(8,27,164,'04:56:45',false),
(8,54,165,'04:56:45',false),
(8,158,166,'04:56:45',false),
(8,218,167,'04:56:45',false),
(8,57,168,'04:56:45',false),
(8,172,169,'04:56:45',false),
(8,171,170,'04:56:45',false),
(8,163,171,'04:56:45',false),
(8,202,172,'04:56:45',false),
(8,49,173,'04:56:45',false),
(8,65,174,'04:56:45',false),
(8,76,175,'04:56:45',false),
(8,59,176,'04:56:45',false),
(8,153,177,'04:56:45',false),
(8,176,178,'04:56:45',false),
(8,43,179,'04:56:45',false),
(8,116,180,'04:56:45',false),
(8,89,181,'04:56:45',false),
(8,44,182,'04:56:45',false),
(8,123,183,'04:56:45',false),
(8,217,184,'04:56:45',false),
(8,216,185,'04:56:53',false),
(8,66,186,'04:56:53',false),
(8,214,187,'04:56:53',false),
(8,207,188,'05:05:34',false),
(9,47,1,'05:27:09',false),
(9,181,2,'05:27:14',false),
(9,131,3,'05:27:22',false),
(9,32,4,'05:31:08',false),
(9,179,5,'05:31:08',false),
(9,141,6,'05:31:08',false),
(9,11,7,'05:31:08',false),
(9,175,8,'05:31:08',false),
(9,18,9,'05:31:08',false),
(9,161,10,'05:31:08',false),
(9,151,11,'05:31:08',false),
(9,1,12,'05:31:08',false),
(9,52,13,'05:31:08',false),
(9,21,14,'05:31:08',false),
(9,108,15,'05:31:08',false),
(9,124,16,'05:31:08',false),
(9,101,17,'05:31:16',false),
(9,75,18,'05:31:16',false),
(9,208,19,'05:31:16',false),
(9,134,20,'05:31:16',false),
(9,41,21,'05:31:16',false),
(9,117,22,'05:31:16',false),
(9,91,23,'05:31:16',false),
(9,74,24,'05:31:16',false),
(9,79,25,'05:31:22',false),
(9,42,26,'05:31:22',false),
(9,188,27,'05:31:29',false),
(9,125,28,'05:31:35',false),
(9,118,29,'05:31:39',false),
(9,13,30,'05:31:39',false),
(9,199,31,'05:31:39',false),
(9,15,32,'05:31:39',false),
(9,67,33,'05:31:39',false),
(9,58,34,'05:31:39',false),
(9,62,35,'05:31:39',false),
(9,103,36,'05:31:39',false),
(9,211,37,'05:31:44',false),
(9,38,38,'05:31:44',false),
(9,191,39,'05:31:44',false),
(9,182,40,'05:31:44',false),
(9,69,41,'05:31:48',false),
(9,194,42,'05:31:48',false),
(9,155,43,'05:31:48',false),
(9,29,44,'05:31:48',false),
(9,23,45,'05:31:48',false),
(9,22,46,'05:31:48',false),
(9,198,47,'05:31:48',false),
(9,183,48,'05:31:56',false),
(9,205,49,'05:32:15',false),
(9,219,50,'05:32:15',false),
(9,157,51,'05:32:15',false),
(9,55,52,'05:32:30',false),
(9,119,53,'05:32:30',false),
(9,46,54,'05:32:30',false),
(9,45,55,'05:32:50',false),
(9,96,56,'05:32:59',false),
(9,168,57,'05:32:59',false),
(9,3,58,'05:32:59',false),
(9,144,59,'05:32:59',false),
(9,99,60,'05:32:59',false),
(9,146,61,'05:32:59',false),
(9,115,62,'05:32:59',false),
(9,81,63,'05:32:59',false),
(9,105,64,'05:32:59',false),
(9,102,65,'05:32:59',false),
(9,114,66,'05:32:59',false),
(9,148,67,'05:32:59',false),
(9,158,68,'05:32:59',false),
(9,5,69,'05:32:59',false),
(9,48,70,'05:32:59',false),
(9,7,71,'05:33:07',false),
(9,84,72,'05:33:07',false),
(9,85,73,'05:33:07',false),
(9,6,74,'05:33:07',false),
(9,2,75,'05:33:07',false),
(9,14,76,'05:33:09',false),
(9,123,77,'05:33:09',false),
(9,98,78,'05:33:40',false),
(9,77,79,'05:33:49',false),
(9,178,80,'05:33:56',false),
(9,56,81,'05:33:56',false),
(9,51,82,'05:33:56',false),
(9,16,83,'05:33:56',false),
(9,19,84,'05:33:56',false),
(9,35,85,'05:33:56',false),
(9,139,86,'05:34:03',false),
(9,147,87,'05:34:27',false),
(9,104,88,'05:34:30',false),
(9,145,89,'05:35:52',false),
(9,156,90,'05:36:41',false),
(9,197,91,'05:36:44',false),
(9,218,92,'05:36:47',false),
(9,8,93,'05:39:59',false),
(9,187,94,'05:39:59',false),
(9,12,95,'05:39:59',false),
(9,95,96,'05:39:59',false),
(9,215,97,'05:39:59',false),
(9,93,98,'05:39:59',false),
(9,94,99,'05:39:59',false),
(9,113,100,'05:39:59',false),
(9,189,101,'05:39:59',false),
(9,149,102,'05:39:59',false),
(9,169,103,'05:39:59',false),
(9,165,104,'05:39:59',false),
(9,167,105,'05:39:59',false),
(9,24,106,'05:40:26',false),
(9,27,107,'05:40:26',false),
(9,4,108,'05:40:26',false),
(9,25,109,'05:40:26',false),
(9,73,110,'05:40:26',false),
(9,132,111,'05:40:26',false),
(9,184,112,'05:40:26',false),
(9,109,113,'05:40:26',false),
(9,65,114,'05:40:26',false),
(9,63,115,'05:40:26',false),
(9,127,116,'05:40:26',false),
(9,89,117,'05:40:26',false),
(9,143,118,'05:43:47',false),
(9,49,119,'05:43:47',false),
(9,66,120,'05:43:47',false),
(9,17,121,'05:43:47',false),
(9,36,122,'05:43:47',false),
(9,107,123,'05:43:47',false),
(9,106,124,'05:43:47',false),
(9,152,125,'05:43:47',false),
(9,159,126,'05:43:47',false),
(9,164,127,'05:43:47',false),
(9,53,128,'05:43:47',false),
(9,206,129,'05:43:47',false),
(9,92,130,'05:43:47',false),
(9,76,131,'05:43:47',false),
(9,83,132,'05:43:47',false),
(9,216,133,'05:43:47',false),
(9,137,134,'05:43:47',false),
(9,138,135,'05:43:47',false),
(9,112,136,'05:43:47',false),
(9,116,137,'05:43:47',false),
(9,174,138,'05:43:47',false),
(9,204,139,'05:43:53',false),
(9,34,140,'05:48:20',false),
(9,203,141,'05:48:20',false),
(9,166,142,'05:48:20',false),
(9,195,143,'05:48:20',false),
(9,57,144,'05:48:20',false),
(9,214,145,'05:48:20',false),
(9,33,146,'05:48:20',false),
(9,201,147,'05:48:20',false),
(9,88,148,'05:48:20',false),
(9,176,149,'05:48:20',false),
(9,213,150,'05:48:20',false),
(9,82,151,'05:48:20',false),
(9,43,152,'05:48:20',false),
(9,97,153,'05:48:20',false),
(9,162,154,'05:48:20',false),
(9,177,155,'05:48:20',false),
(9,193,156,'05:48:20',false),
(9,196,157,'05:48:20',false),
(9,209,158,'05:48:20',false),
(9,128,159,'05:48:20',false),
(9,9,160,'05:48:20',false),
(9,54,161,'05:48:20',false),
(9,68,162,'05:48:20',false),
(9,64,163,'05:48:20',false),
(9,133,164,'05:48:20',false),
(9,135,165,'05:48:20',false),
(9,172,166,'05:48:20',false),
(9,126,167,'05:48:20',false),
(9,154,168,'05:48:20',false),
(9,142,169,'05:48:20',false),
(9,202,170,'05:48:20',false),
(9,163,171,'05:48:20',false),
(9,78,172,'05:48:20',false),
(9,212,173,'05:48:20',false),
(9,185,174,'05:48:20',false),
(9,121,175,'05:48:20',false),
(9,153,176,'05:48:20',false),
(9,173,177,'05:48:35',false),
(9,171,178,'05:48:35',false),
(9,129,179,'05:48:37',false),
(9,217,180,'05:48:57',false),
(10,33,1,'03:31:21',false),
(10,171,2,'03:31:21',false),
(10,88,3,'03:31:21',false),
(10,51,4,'03:31:21',false),
(10,201,5,'03:31:21',false),
(10,95,6,'03:31:21',false),
(10,105,7,'03:31:21',false),
(10,202,8,'03:31:21',false),
(10,117,9,'03:31:21',false),
(10,153,10,'03:31:21',false),
(10,132,11,'03:31:21',false),
(10,68,12,'03:31:21',false),
(10,163,13,'03:31:21',false),
(10,32,14,'03:31:21',false),
(10,114,15,'03:31:21',false),
(10,165,16,'03:31:21',false),
(10,135,17,'03:31:21',false),
(10,24,18,'03:31:21',false),
(10,101,19,'03:31:21',false),
(10,124,20,'03:31:21',false),
(10,35,21,'03:31:21',false),
(10,108,22,'03:31:21',false),
(10,109,23,'03:31:21',false),
(10,141,24,'03:31:21',false),
(10,13,25,'03:31:21',false),
(10,183,26,'03:31:21',false),
(10,21,27,'03:31:21',false),
(10,208,28,'03:31:21',false),
(10,205,29,'03:31:21',false),
(10,194,30,'03:31:21',false),
(10,1,31,'03:31:21',false),
(10,89,32,'03:31:21',false),
(10,161,33,'03:31:21',false),
(10,175,34,'03:31:21',false),
(10,18,35,'03:31:21',false),
(10,181,36,'03:31:21',false),
(10,151,37,'03:31:21',false),
(10,11,38,'03:31:21',false),
(10,52,39,'03:31:21',false),
(10,6,40,'03:31:21',false),
(10,96,41,'03:31:21',false),
(10,47,42,'03:31:21',false),
(10,144,43,'03:31:21',false),
(10,46,44,'03:31:21',false),
(10,58,45,'03:31:21',false),
(10,41,46,'03:31:21',false),
(10,199,47,'03:31:21',false),
(10,23,48,'03:31:21',false),
(10,179,49,'03:31:21',false),
(10,48,50,'03:31:21',false),
(10,134,51,'03:31:21',false),
(10,69,52,'03:31:21',false),
(10,156,53,'03:31:21',false),
(10,15,54,'03:31:21',false),
(10,14,55,'03:31:21',false),
(10,127,56,'03:31:21',false),
(10,42,57,'03:31:21',false),
(10,211,58,'03:31:21',false),
(10,168,59,'03:31:21',false),
(10,67,60,'03:31:21',false),
(10,219,61,'03:31:21',false),
(10,74,62,'03:31:21',false),
(10,191,63,'03:31:21',false),
(10,91,64,'03:31:21',false),
(10,188,65,'03:31:21',false),
(10,102,66,'03:31:21',false),
(10,29,67,'03:31:21',false),
(10,131,68,'03:31:21',false),
(10,79,69,'03:31:21',false),
(10,75,70,'03:31:21',false),
(10,19,71,'03:31:21',false),
(10,118,72,'03:31:21',false),
(10,115,73,'03:31:21',false),
(10,113,74,'03:31:21',false),
(10,77,75,'03:31:21',false),
(10,121,76,'03:31:21',false),
(10,56,77,'03:31:21',false),
(10,178,78,'03:31:21',false),
(10,36,79,'03:31:21',false),
(10,106,80,'03:31:21',false),
(10,125,81,'03:31:21',false),
(10,38,82,'03:31:43',false),
(10,119,83,'03:31:51',false),
(10,22,84,'03:34:09',false),
(10,147,85,'03:34:23',false),
(10,174,86,'03:34:23',false),
(10,12,87,'03:36:54',false),
(10,149,88,'03:36:54',false),
(10,152,89,'03:36:54',false),
(10,103,90,'03:36:54',false),
(10,142,91,'03:36:54',false),
(10,99,92,'03:36:54',false),
(10,182,93,'03:36:54',false),
(10,7,94,'03:36:54',false),
(10,206,95,'03:36:54',false),
(10,5,96,'03:36:54',false),
(10,112,97,'03:36:54',false),
(10,65,98,'03:36:54',false),
(10,16,99,'03:36:54',false),
(10,62,100,'03:36:54',false),
(10,98,101,'03:36:54',false),
(10,177,102,'03:36:54',false),
(10,158,103,'03:36:54',false),
(10,212,104,'03:36:54',false),
(10,145,105,'03:36:54',false),
(10,157,106,'03:36:54',false),
(10,57,107,'03:36:54',false),
(10,27,108,'03:36:54',false),
(10,203,109,'03:37:20',false),
(10,209,110,'03:37:20',false),
(10,204,111,'03:37:20',false),
(10,49,112,'03:37:20',false),
(10,17,113,'03:37:20',false),
(10,85,114,'03:37:20',false),
(10,83,115,'03:37:20',false),
(10,107,116,'03:37:20',false),
(10,154,117,'03:37:20',false),
(10,84,118,'03:37:20',false),
(10,81,119,'03:37:20',false),
(10,162,120,'03:37:20',false),
(10,196,121,'03:37:20',false),
(10,148,122,'03:37:20',false),
(10,193,123,'03:37:20',false),
(10,167,124,'03:37:20',false),
(10,169,125,'03:37:20',false),
(10,8,126,'03:37:20',false),
(10,164,127,'03:37:20',false),
(10,159,128,'03:37:20',false),
(10,73,129,'03:37:20',false),
(10,97,130,'03:37:20',false),
(10,64,131,'03:37:20',false),
(10,146,132,'03:37:20',false),
(10,66,133,'03:37:20',false),
(10,94,134,'03:37:20',false),
(10,92,135,'03:37:20',false),
(10,133,136,'03:37:20',false),
(10,54,137,'03:37:20',false),
(10,139,138,'03:37:20',false),
(10,4,139,'03:37:20',false),
(10,93,140,'03:37:20',false),
(10,128,141,'03:37:20',false),
(10,55,142,'03:37:20',false),
(10,25,143,'03:37:20',false),
(10,138,144,'03:37:20',false),
(10,137,145,'03:37:20',false),
(10,116,146,'03:37:20',false),
(10,9,147,'03:37:20',false),
(10,215,148,'03:37:20',false),
(10,63,149,'03:37:20',false),
(10,198,150,'03:37:20',false),
(10,216,151,'03:37:20',false),
(10,176,152,'03:37:20',false),
(10,53,153,'03:37:20',false),
(10,34,154,'03:37:20',false),
(10,173,155,'03:37:20',false),
(10,126,156,'03:37:20',false),
(10,129,157,'03:38:21',false),
(10,123,158,'03:38:21',false),
(10,187,159,'03:38:21',false),
(10,213,160,'03:38:21',false),
(10,189,161,'03:38:21',false),
(10,82,162,'03:38:21',false),
(10,155,163,'03:38:21',false),
(10,43,164,'03:38:21',false),
(10,218,165,'03:38:21',false),
(10,2,166,'03:38:21',false),
(10,166,167,'03:38:21',false),
(10,195,168,'03:38:21',false),
(10,172,169,'03:38:21',false),
(10,45,170,'03:38:21',false),
(10,104,171,'03:38:21',false),
(10,214,172,'03:38:21',false),
(10,217,173,'03:38:21',false),
(10,3,174,'03:38:21',false),
(10,76,175,'03:38:21',false),
(10,184,176,'03:38:21',false),
(10,185,177,'03:38:21',false),
(10,143,178,'03:38:21',false),
(11,171,1,'03:46:07',false),
(11,33,2,'03:46:07',false),
(11,54,3,'03:46:07',false),
(11,193,4,'03:46:07',false),
(11,114,5,'03:46:07',false),
(11,201,6,'03:46:07',false),
(11,88,7,'03:46:07',false),
(11,189,8,'03:46:07',false),
(11,89,9,'03:46:07',false),
(11,132,10,'03:46:07',false),
(11,134,11,'03:46:07',false),
(11,123,12,'03:46:07',false),
(11,213,13,'03:46:07',false),
(11,105,14,'03:46:07',false),
(11,135,15,'03:46:07',false),
(11,35,16,'03:46:07',false),
(11,27,17,'03:46:07',false),
(11,177,18,'03:46:07',false),
(11,208,19,'03:46:07',false),
(11,68,20,'03:46:07',false),
(11,153,21,'03:46:07',false),
(11,124,22,'03:46:07',false),
(11,202,23,'03:46:07',false),
(11,117,24,'03:46:07',false),
(11,212,25,'03:46:07',false),
(11,12,26,'03:46:07',false),
(11,206,27,'03:46:07',false),
(11,169,28,'03:46:07',false),
(11,11,29,'03:46:07',false),
(11,34,30,'03:46:07',false),
(11,38,31,'03:46:07',false),
(11,154,32,'03:46:07',false),
(11,161,33,'03:46:07',false),
(11,194,34,'03:46:07',false),
(11,58,35,'03:46:07',false),
(11,175,36,'03:46:07',false),
(11,151,37,'03:46:07',false),
(11,95,38,'03:46:07',false),
(11,179,39,'03:46:07',false),
(11,14,40,'03:46:07',false),
(11,49,41,'03:46:07',false),
(11,108,42,'03:46:07',false),
(11,127,43,'03:46:07',false),
(11,41,44,'03:46:07',false),
(11,101,45,'03:46:07',false),
(11,51,46,'03:46:07',false),
(11,1,47,'03:46:07',false),
(11,8,48,'03:46:07',false),
(11,52,49,'03:46:07',false),
(11,141,50,'03:46:07',false),
(11,36,51,'03:46:07',false),
(11,21,52,'03:46:07',false),
(11,129,53,'03:46:07',false),
(11,23,54,'03:46:07',false),
(11,144,55,'03:46:07',false),
(11,119,56,'03:46:07',false),
(11,7,57,'03:46:07',false),
(11,211,58,'03:46:07',false),
(11,85,59,'03:46:07',false),
(11,48,60,'03:46:07',false),
(11,13,61,'03:46:07',false),
(11,155,62,'03:46:07',false),
(11,15,63,'03:46:07',false),
(11,94,64,'03:46:07',false),
(11,219,65,'03:46:07',false),
(11,32,66,'03:46:07',false),
(11,156,67,'03:46:07',false),
(11,53,68,'03:46:07',false),
(11,29,69,'03:46:07',false),
(11,25,70,'03:46:07',false),
(11,183,71,'03:46:07',false),
(11,79,72,'03:46:07',false),
(11,96,73,'03:46:07',false),
(11,191,74,'03:46:07',false),
(11,181,75,'03:46:07',false),
(11,185,76,'03:46:07',false),
(11,16,77,'03:46:07',false),
(11,46,78,'03:46:07',false),
(11,168,79,'03:46:07',false),
(11,19,80,'03:46:07',false),
(11,91,81,'03:46:07',false),
(11,18,82,'03:46:07',false),
(11,138,83,'03:46:07',false),
(11,93,84,'03:46:07',false),
(11,42,85,'03:46:07',false),
(11,74,86,'03:46:07',false),
(11,159,87,'03:46:07',false),
(11,118,88,'03:46:07',false),
(11,102,89,'03:46:07',false),
(11,5,90,'03:46:07',false),
(11,125,91,'03:46:07',false),
(11,149,92,'03:46:07',false),
(11,69,93,'03:46:07',false),
(11,205,94,'03:46:07',false),
(11,47,95,'03:46:07',false),
(11,75,96,'03:46:07',false),
(11,152,97,'03:46:07',false),
(11,73,98,'03:46:07',false),
(11,99,99,'03:46:07',false),
(11,77,100,'03:46:07',false),
(11,115,101,'03:46:07',false),
(11,84,102,'03:46:07',false),
(11,4,103,'03:46:07',false),
(11,131,104,'03:46:07',false),
(11,113,105,'03:46:07',false),
(11,145,106,'03:46:07',false),
(11,81,107,'03:46:07',false),
(11,63,108,'03:46:07',false),
(11,24,109,'03:46:07',false),
(11,62,110,'03:46:07',false),
(11,83,111,'03:46:07',false),
(11,198,112,'03:46:07',false),
(11,116,113,'03:46:07',false),
(11,103,114,'03:46:07',false),
(11,158,115,'03:46:07',false),
(11,133,116,'03:46:07',false),
(11,167,117,'03:46:07',false),
(11,121,118,'03:46:07',false),
(11,204,119,'03:46:07',false),
(11,98,120,'03:46:07',false),
(11,146,121,'03:46:07',false),
(11,55,122,'03:46:07',false),
(11,17,123,'03:46:07',false),
(11,142,124,'03:46:07',false),
(11,162,125,'03:46:07',false),
(11,56,126,'03:46:07',false),
(11,215,127,'03:46:07',false),
(11,112,128,'03:46:07',false),
(11,106,129,'03:46:07',false),
(11,126,130,'03:46:07',false),
(11,218,131,'03:46:07',false),
(11,188,132,'03:46:07',false),
(11,147,133,'03:46:37',false),
(11,214,134,'03:46:42',false),
(11,164,135,'03:46:54',false),
(11,139,136,'03:46:59',false),
(11,43,137,'03:47:17',false),
(11,173,138,'03:47:17',false),
(11,172,139,'03:47:17',false),
(11,143,140,'03:47:37',false),
(11,165,141,'03:47:37',false),
(11,163,142,'03:47:37',false),
(11,64,143,'03:47:48',false),
(11,178,144,'03:51:10',false),
(11,174,145,'03:51:10',false),
(11,6,146,'03:51:50',false),
(11,107,147,'03:51:50',false),
(11,9,148,'03:51:50',false),
(11,92,149,'03:51:50',false),
(11,195,150,'03:51:50',false),
(11,137,151,'03:51:50',false),
(11,187,152,'03:51:50',false),
(11,203,153,'03:51:50',false),
(11,2,154,'03:51:50',false),
(11,97,155,'03:51:50',false),
(11,166,156,'03:51:50',false),
(11,45,157,'03:51:50',false),
(11,109,158,'03:51:50',false),
(11,22,159,'03:51:50',false),
(11,3,160,'03:51:50',false),
(11,157,161,'03:51:50',false),
(11,216,162,'03:51:50',false),
(11,182,163,'03:51:50',false),
(11,184,164,'03:51:50',false),
(11,217,165,'03:51:50',false),
(11,67,166,'03:51:50',false),
(11,66,167,'03:51:50',false),
(11,148,168,'03:51:50',false),
(11,65,169,'03:51:50',false),
(11,199,170,'03:51:50',false),
(11,176,171,'03:51:50',false),
(11,76,172,'03:51:50',false),
(11,128,173,'03:51:50',false),
(11,57,174,'03:51:50',false),
(11,209,175,'03:51:50',false),
(11,82,176,'03:57:12',false),
(11,196,177,'03:57:54',false),
(12,21,1,'06:01:15',false),
(12,38,2,'06:01:22',false),
(12,18,3,'06:01:25',false),
(12,91,4,'06:01:45',false),
(12,141,5,'06:01:45',false),
(12,11,6,'06:01:45',false),
(12,161,7,'06:01:50',false),
(12,1,8,'06:01:58',false),
(12,181,9,'06:02:05',false),
(12,188,10,'06:02:05',false),
(12,52,11,'06:02:18',false),
(12,134,12,'06:02:34',false),
(12,118,13,'06:02:40',false),
(12,75,14,'06:02:40',false),
(12,103,15,'06:03:11',false),
(12,199,16,'06:03:11',false),
(12,101,17,'06:03:17',false),
(12,48,18,'06:03:25',false),
(12,124,19,'06:03:25',false),
(12,79,20,'06:04:08',false),
(12,211,21,'06:04:21',false),
(12,6,22,'06:04:21',false),
(12,194,23,'06:04:23',false),
(12,32,24,'06:04:34',false),
(12,151,25,'06:04:40',false),
(12,108,26,'06:04:53',false),
(12,131,27,'06:05:09',false),
(12,157,28,'06:05:10',false),
(12,55,29,'06:05:12',false),
(12,216,30,'06:05:13',false),
(12,179,31,'06:05:30',false),
(12,109,32,'06:05:30',false),
(12,29,33,'06:05:36',false),
(12,69,34,'06:05:38',false),
(12,191,35,'06:06:12',false),
(12,117,36,'06:06:35',false),
(12,98,37,'06:06:35',false),
(12,208,38,'06:07:28',false),
(12,146,39,'06:08:21',false),
(12,203,40,'06:08:21',false),
(12,81,41,'06:08:49',false),
(12,119,42,'06:08:49',false),
(12,3,43,'06:08:49',false),
(12,74,44,'06:09:41',false),
(12,219,45,'06:09:41',false),
(12,15,46,'06:09:41',false),
(12,138,47,'06:10:11',false),
(12,175,48,'06:10:18',false),
(12,183,49,'06:10:18',false),
(12,23,50,'06:11:11',false),
(12,13,51,'06:11:19',false),
(12,127,52,'06:11:27',false),
(12,58,53,'06:11:35',false),
(12,62,54,'06:12:28',false),
(12,155,55,'06:12:28',false),
(12,2,56,'06:14:31',false),
(12,102,57,'06:15:02',false),
(12,25,58,'06:16:09',false),
(12,22,59,'06:16:09',false),
(12,121,60,'06:16:18',false),
(12,24,61,'06:16:18',false),
(12,218,62,'06:17:06',false),
(12,164,63,'06:17:32',false),
(12,167,64,'06:17:32',false),
(12,178,65,'06:17:32',false),
(12,182,66,'06:17:32',false),
(12,5,67,'06:18:40',false),
(12,14,68,'06:18:43',false),
(12,19,69,'06:18:43',false),
(12,144,70,'06:18:43',false),
(12,145,71,'06:18:43',false),
(12,148,72,'06:18:43',false),
(12,66,73,'06:18:43',false),
(12,47,74,'06:18:43',false),
(12,77,75,'06:18:43',false),
(12,46,76,'06:18:59',false),
(12,41,77,'06:18:59',false),
(12,42,78,'06:18:59',false),
(12,129,79,'06:18:59',false),
(12,67,80,'06:18:59',false),
(12,156,81,'06:18:59',false),
(12,73,82,'06:18:59',false),
(12,152,83,'06:18:59',false),
(12,115,84,'06:19:04',false),
(12,106,85,'06:19:18',false),
(12,126,86,'06:20:19',false),
(12,85,87,'06:20:31',false),
(12,206,88,'06:22:20',false),
(12,125,89,'06:22:25',false),
(12,139,90,'06:22:27',false),
(12,137,91,'06:22:27',false),
(12,16,92,'06:22:36',false),
(12,204,93,'06:25:41',false),
(12,35,94,'06:25:45',false),
(12,154,95,'06:25:52',false),
(12,34,96,'06:34:20',false),
(12,214,97,'06:34:20',false),
(12,88,98,'06:34:20',false),
(12,89,99,'06:34:20',false),
(12,189,100,'06:34:20',false),
(12,163,101,'06:34:20',false),
(12,4,102,'06:34:20',false),
(12,158,103,'06:34:20',false),
(12,17,104,'06:34:20',false),
(12,94,105,'06:34:20',false),
(12,113,106,'06:34:20',false),
(12,169,107,'06:34:20',false),
(12,93,108,'06:34:20',false),
(12,187,109,'06:34:20',false),
(12,166,110,'06:34:20',false),
(12,33,111,'06:34:20',false),
(12,213,112,'06:34:20',false),
(12,215,113,'06:34:20',false),
(12,64,114,'06:34:20',false),
(12,149,115,'06:34:20',false),
(12,95,116,'06:34:20',false),
(12,97,117,'06:34:20',false),
(12,147,118,'06:34:20',false),
(12,159,119,'06:34:20',false),
(12,63,120,'06:34:20',false),
(12,12,121,'06:34:20',false),
(12,168,122,'06:34:20',false),
(12,92,123,'06:34:20',false),
(12,36,124,'06:34:20',false),
(12,84,125,'06:34:20',false),
(12,8,126,'06:34:20',false),
(12,96,127,'06:34:20',false),
(12,165,128,'06:34:20',false),
(12,9,129,'06:34:20',false),
(12,65,130,'06:34:20',false),
(12,198,131,'06:34:20',false),
(12,57,132,'06:34:20',false),
(12,209,133,'06:34:20',false),
(12,142,134,'06:34:20',false),
(12,205,135,'06:34:20',false),
(12,99,136,'06:34:20',false),
(12,54,137,'06:34:20',false),
(12,76,138,'06:34:20',false),
(12,116,139,'06:34:20',false),
(12,184,140,'06:34:20',false),
(12,172,141,'06:34:20',false),
(12,176,142,'06:34:20',false),
(12,82,143,'06:34:20',false),
(12,49,144,'06:34:20',false),
(12,174,145,'06:34:20',false),
(12,7,146,'06:34:20',false),
(12,114,147,'06:34:20',false),
(12,56,148,'06:34:20',false),
(12,177,149,'06:34:20',false),
(12,112,150,'06:34:20',false),
(12,68,151,'06:34:20',false),
(12,195,152,'06:34:20',false),
(12,171,153,'06:34:20',false),
(12,135,154,'06:34:20',false),
(12,217,155,'06:34:20',false),
(12,162,156,'06:34:20',false),
(12,128,157,'06:34:20',false),
(12,133,158,'06:34:20',false),
(12,107,159,'06:34:20',false),
(12,196,160,'06:34:20',false),
(12,45,161,'06:34:20',false),
(12,105,162,'06:34:20',false),
(12,83,163,'06:34:20',false),
(12,212,164,'06:34:20',false),
(12,27,165,'06:34:20',false),
(12,53,166,'06:34:20',false),
(12,123,167,'06:34:20',false),
(12,173,168,'06:34:20',false),
(12,153,169,'06:34:20',false),
(12,143,170,'06:34:20',false),
(12,185,171,'06:34:20',false),
(12,132,172,'06:34:20',false),
(12,51,173,'06:34:20',false),
(12,43,174,'06:34:20',false),
(12,202,175,'06:34:20',false),
(13,51,1,'03:47:36',false),
(13,157,2,'03:47:46',false),
(13,138,3,'03:48:02',false),
(13,172,4,'03:52:36',false),
(13,127,5,'03:52:38',false),
(13,114,6,'03:52:39',false),
(13,194,7,'03:52:44',false),
(13,169,8,'03:52:52',false),
(13,49,9,'03:52:52',false),
(13,32,10,'03:54:24',false),
(13,45,11,'03:54:27',false),
(13,88,12,'03:55:13',false),
(13,156,13,'03:55:13',false),
(13,163,14,'03:55:13',false),
(13,38,15,'03:55:13',false),
(13,15,16,'03:55:13',false),
(13,181,17,'03:55:13',false),
(13,135,18,'03:55:13',false),
(13,11,19,'03:55:13',false),
(13,188,20,'03:55:13',false),
(13,164,21,'03:55:13',false),
(13,65,22,'03:55:13',false),
(13,155,23,'03:55:13',false),
(13,21,24,'03:55:13',false),
(13,141,25,'03:55:13',false),
(13,161,26,'03:55:13',false),
(13,175,27,'03:55:13',false),
(13,149,28,'03:55:13',false),
(13,208,29,'03:55:13',false),
(13,134,30,'03:55:13',false),
(13,179,31,'03:55:13',false),
(13,151,32,'03:55:13',false),
(13,23,33,'03:55:13',false),
(13,115,34,'03:55:13',false),
(13,124,35,'03:55:13',false),
(13,96,36,'03:55:13',false),
(13,52,37,'03:55:13',false),
(13,1,38,'03:55:13',false),
(13,131,39,'03:55:13',false),
(13,29,40,'03:55:13',false),
(13,16,41,'03:55:13',false),
(13,18,42,'03:55:13',false),
(13,211,43,'03:55:13',false),
(13,101,44,'03:55:13',false),
(13,152,45,'03:55:13',false),
(13,7,46,'03:55:13',false),
(13,119,47,'03:55:13',false),
(13,219,48,'03:55:13',false),
(13,91,49,'03:55:13',false),
(13,58,50,'03:55:13',false),
(13,94,51,'03:55:13',false),
(13,144,52,'03:55:13',false),
(13,79,53,'03:55:13',false),
(13,75,54,'03:55:13',false),
(13,118,55,'03:55:13',false),
(13,191,56,'03:55:13',false),
(13,167,57,'03:55:13',false),
(13,19,58,'03:55:13',false),
(13,84,59,'03:55:13',false),
(13,199,60,'03:55:13',false),
(13,108,61,'03:55:13',false),
(13,103,62,'03:55:13',false),
(13,46,63,'03:55:13',false),
(13,34,64,'03:55:13',false),
(13,62,65,'03:55:13',false),
(13,69,66,'03:55:28',false),
(13,4,67,'03:55:28',false),
(13,13,68,'03:55:28',false),
(13,166,69,'03:55:28',false),
(13,6,70,'03:55:28',false),
(13,9,71,'03:55:28',false),
(13,5,72,'03:55:28',false),
(13,183,73,'03:55:28',false),
(13,48,74,'03:55:28',false),
(13,41,75,'03:55:28',false),
(13,148,76,'03:55:28',false),
(13,168,77,'03:55:28',false),
(13,42,78,'03:55:28',false),
(13,203,79,'03:55:28',false),
(13,125,80,'03:55:28',false),
(13,102,81,'03:55:28',false),
(13,121,82,'03:55:28',false),
(13,3,83,'03:55:28',false),
(13,77,84,'03:55:28',false),
(13,2,85,'03:55:28',false),
(13,47,86,'03:55:28',false),
(13,73,87,'03:55:28',false),
(13,81,88,'03:55:28',false),
(13,17,89,'03:55:28',false),
(13,146,90,'03:55:28',false),
(13,142,91,'03:55:28',false),
(13,55,92,'03:55:28',false),
(13,98,93,'03:55:28',false),
(13,112,94,'03:55:28',false),
(13,14,95,'03:55:28',false),
(13,56,96,'03:55:39',false),
(13,8,97,'03:55:39',false),
(13,145,98,'03:55:39',false),
(13,126,99,'03:55:39',false),
(13,67,100,'03:55:43',false),
(13,76,101,'03:56:14',false),
(13,182,102,'03:56:16',false),
(13,185,103,'03:57:00',false),
(13,209,104,'04:00:40',false),
(13,83,105,'04:00:40',false),
(13,214,106,'04:02:49',false),
(13,212,107,'04:02:49',false),
(13,217,108,'04:02:49',false),
(13,158,109,'04:02:49',false),
(13,68,110,'04:03:18',false),
(13,35,111,'04:03:18',false),
(13,137,112,'04:03:18',false),
(13,178,113,'04:03:18',false),
(13,147,114,'04:03:18',false),
(13,187,115,'04:03:18',false),
(13,129,116,'04:06:08',false),
(13,165,117,'04:06:08',false),
(13,215,118,'04:06:08',false),
(13,116,119,'04:06:08',false),
(13,89,120,'04:06:08',false),
(13,133,121,'04:06:08',false),
(13,113,122,'04:06:08',false),
(13,117,123,'04:06:08',false),
(13,93,124,'04:09:44',false),
(13,95,125,'04:09:44',false),
(13,92,126,'04:09:44',false),
(13,57,127,'04:09:44',false),
(13,213,128,'04:09:44',false),
(13,171,129,'04:09:44',false),
(13,205,130,'04:09:44',false),
(13,12,131,'04:09:44',false),
(13,174,132,'04:09:44',false),
(13,195,133,'04:09:44',false),
(13,64,134,'04:09:44',false),
(13,97,135,'04:09:44',false),
(13,184,136,'04:09:44',false),
(13,189,137,'04:09:44',false),
(13,25,138,'04:09:44',false),
(13,85,139,'04:09:44',false),
(13,162,140,'04:09:44',false),
(13,154,141,'04:09:44',false),
(13,82,142,'04:09:44',false),
(13,173,143,'04:09:44',false),
(13,177,144,'04:09:44',false),
(13,36,145,'04:09:44',false),
(13,153,146,'04:09:44',false),
(13,54,147,'04:09:44',false),
(13,63,148,'04:09:44',false),
(13,198,149,'04:09:44',false),
(13,105,150,'04:09:44',false),
(13,216,151,'04:09:44',false),
(13,143,152,'04:09:44',false),
(13,33,153,'04:09:44',false),
(13,123,154,'04:09:44',false),
(13,139,155,'04:09:44',false),
(13,106,156,'04:09:44',false),
(13,27,157,'04:09:44',false),
(13,206,158,'04:09:44',false),
(13,202,159,'04:09:44',false),
(13,204,160,'04:09:44',false),
(13,107,161,'04:09:44',false),
(13,109,162,'04:09:44',false),
(13,218,163,'04:09:44',false),
(13,66,164,'04:09:44',false),
(13,24,165,'04:09:44',false),
(13,99,166,'04:09:44',false),
(13,132,167,'04:09:44',false),
(13,22,168,'04:09:44',false),
(13,176,169,'04:09:44',false),
(13,53,170,'04:09:44',false),
(13,159,171,'04:15:17',false),
(14,38,1,'05:13:25',false),
(14,21,2,'05:13:46',false),
(14,11,3,'05:14:11',false),
(14,141,4,'05:14:13',false),
(14,118,5,'05:14:13',false),
(14,1,6,'05:14:13',false),
(14,181,7,'05:14:13',false),
(14,18,8,'05:14:13',false),
(14,108,9,'05:14:13',false),
(14,188,10,'05:14:13',false),
(14,91,11,'05:14:13',false),
(14,161,12,'05:14:52',false),
(14,52,13,'05:15:24',false),
(14,124,14,'05:15:24',false),
(14,151,15,'05:15:48',false),
(14,69,16,'05:16:03',false),
(14,208,17,'05:16:03',false),
(14,79,18,'05:16:26',false),
(14,29,19,'05:17:04',false),
(14,6,20,'05:17:04',false),
(14,109,21,'05:17:20',false),
(14,131,22,'05:17:20',false),
(14,157,23,'05:17:41',false),
(14,179,24,'05:18:11',false),
(14,211,25,'05:18:25',false),
(14,42,26,'05:18:25',false),
(14,134,27,'05:18:28',false),
(14,199,28,'05:18:28',false),
(14,198,29,'05:18:51',false),
(14,55,30,'05:19:02',false),
(14,155,31,'05:20:06',false),
(14,103,32,'05:20:12',false),
(14,101,33,'05:20:12',false),
(14,191,34,'05:20:12',false),
(14,81,35,'05:20:12',false),
(14,121,36,'05:20:51',false),
(14,58,37,'05:20:56',false),
(14,182,38,'05:21:54',false),
(14,75,39,'05:23:10',false),
(14,146,40,'05:23:10',false),
(14,3,41,'05:23:10',false),
(14,2,42,'05:23:10',false),
(14,119,43,'05:23:10',false),
(14,22,44,'05:23:10',false),
(14,127,45,'05:23:10',false),
(14,219,46,'05:23:10',false),
(14,15,47,'05:23:10',false),
(14,183,48,'05:23:10',false),
(14,76,49,'05:24:07',false),
(14,125,50,'05:25:01',false),
(14,194,51,'05:25:10',false),
(14,62,52,'05:25:26',false),
(14,83,53,'05:25:33',false),
(14,145,54,'05:26:44',false),
(14,23,55,'05:26:44',false),
(14,25,56,'05:27:17',false),
(14,35,57,'05:27:29',false),
(14,117,58,'05:28:24',false),
(14,115,59,'05:28:24',false),
(14,149,60,'05:28:24',false),
(14,46,61,'05:28:24',false),
(14,203,62,'05:28:24',false),
(14,41,63,'05:28:24',false),
(14,144,64,'05:28:24',false),
(14,178,65,'05:28:24',false),
(14,217,66,'05:28:24',false),
(14,98,67,'05:28:24',false),
(14,32,68,'05:30:28',false),
(14,67,69,'05:30:28',false),
(14,133,70,'05:30:28',false),
(14,19,71,'05:30:28',false),
(14,139,72,'05:30:28',false),
(14,102,73,'05:30:28',false),
(14,66,74,'05:30:28',false),
(14,175,75,'05:30:28',false),
(14,14,76,'05:30:28',false),
(14,56,77,'05:31:02',false),
(14,206,78,'05:31:53',false),
(14,147,79,'05:32:57',false),
(14,45,80,'05:32:57',false),
(14,47,81,'05:32:57',false),
(14,16,82,'05:36:22',false),
(14,13,83,'05:36:22',false),
(14,168,84,'05:36:22',false),
(14,164,85,'05:36:22',false),
(14,167,86,'05:36:22',false),
(14,24,87,'05:36:22',false),
(14,93,88,'05:37:09',false),
(14,12,89,'05:37:09',false),
(14,95,90,'05:37:59',false),
(14,88,91,'05:37:59',false),
(14,17,92,'05:37:59',false),
(14,154,93,'05:37:59',false),
(14,33,94,'05:37:59',false),
(14,209,95,'05:37:59',false),
(14,137,96,'05:37:59',false),
(14,113,97,'05:37:59',false),
(14,218,98,'05:37:59',false),
(14,34,99,'05:37:59',false),
(14,36,100,'05:37:59',false),
(14,64,101,'05:37:59',false),
(14,106,102,'05:37:59',false),
(14,105,103,'05:37:59',false),
(14,187,104,'05:37:59',false),
(14,135,105,'05:37:59',false),
(14,126,106,'05:37:59',false),
(14,152,107,'05:37:59',false),
(14,185,108,'05:37:59',false),
(14,142,109,'05:37:59',false),
(14,92,110,'05:37:59',false),
(14,116,111,'05:37:59',false),
(14,165,112,'05:37:59',false),
(14,7,113,'05:37:59',false),
(14,5,114,'05:37:59',false),
(14,123,115,'05:37:59',false),
(14,107,116,'05:37:59',false),
(14,84,117,'05:37:59',false),
(14,204,118,'05:37:59',false),
(14,148,119,'05:37:59',false),
(14,129,120,'05:37:59',false),
(14,112,121,'05:37:59',false),
(14,143,122,'05:38:48',false),
(14,8,123,'05:38:48',false),
(14,65,124,'05:38:48',false),
(14,53,125,'05:39:53',false),
(14,195,126,'05:40:10',false),
(14,214,127,'05:40:10',false),
(14,215,128,'05:40:10',false),
(14,169,129,'05:40:10',false),
(14,184,130,'05:40:10',false),
(14,158,131,'05:40:10',false),
(14,174,132,'05:40:10',false),
(14,94,133,'05:40:10',false),
(14,4,134,'05:40:10',false),
(14,73,135,'05:40:10',false),
(14,156,136,'05:40:10',false),
(14,163,137,'05:40:10',false),
(14,85,138,'05:40:10',false),
(14,9,139,'05:40:10',false),
(14,212,140,'05:40:10',false),
(14,49,141,'05:40:10',false),
(14,51,142,'05:40:10',false),
(14,114,143,'05:40:10',false),
(14,68,144,'05:40:10',false),
(14,138,145,'05:40:10',false),
(14,166,146,'05:40:10',false),
(14,57,147,'05:40:10',false),
(14,96,148,'05:40:10',false),
(14,54,149,'05:40:10',false),
(14,97,150,'05:40:10',false),
(14,48,151,'05:40:10',false),
(14,205,152,'05:40:10',false),
(14,213,153,'05:40:10',false),
(14,159,154,'05:40:10',false),
(14,89,155,'05:40:10',false),
(14,202,156,'05:40:10',false),
(14,27,157,'05:40:10',false),
(14,77,158,'05:40:10',false),
(14,172,159,'05:40:10',false),
(14,177,160,'05:40:10',false),
(14,216,161,'05:40:10',false),
(14,173,162,'05:40:19',false),
(14,176,163,'05:40:19',false),
(14,171,164,'05:40:19',false),
(14,99,165,'05:40:19',false),
(14,153,166,'05:40:19',false),
(14,189,167,'05:40:24',false),
(14,63,168,'05:40:34',false),
(14,162,169,'05:40:34',false),
(14,82,170,'05:41:00',false),
(15,171,1,'04:20:24',false),
(15,54,2,'04:20:24',false),
(15,169,3,'04:20:24',false),
(15,95,4,'04:20:24',false),
(15,88,5,'04:20:24',false),
(15,116,6,'04:20:24',false),
(15,123,7,'04:20:24',false),
(15,156,8,'04:20:24',false),
(15,89,9,'04:20:24',false),
(15,105,10,'04:20:24',false),
(15,214,11,'04:20:24',false),
(15,154,12,'04:20:24',false),
(15,33,13,'04:20:24',false),
(15,202,14,'04:20:24',false),
(15,68,15,'04:20:24',false),
(15,212,16,'04:20:24',false),
(15,134,17,'04:20:24',false),
(15,53,18,'04:20:24',false),
(15,97,19,'04:20:24',false),
(15,101,20,'04:20:24',false),
(15,208,21,'04:20:24',false),
(15,51,22,'04:20:24',false),
(15,216,23,'04:20:24',false),
(15,25,24,'04:20:24',false),
(15,177,25,'04:20:24',false),
(15,151,26,'04:20:24',false),
(15,49,27,'04:20:24',false),
(15,32,28,'04:20:24',false),
(15,141,29,'04:20:24',false),
(15,63,30,'04:20:24',false),
(15,137,31,'04:20:24',false),
(15,124,32,'04:20:24',false),
(15,16,33,'04:20:24',false),
(15,18,34,'04:20:24',false),
(15,189,35,'04:20:24',false),
(15,179,36,'04:20:24',false),
(15,108,37,'04:20:24',false),
(15,161,38,'04:20:24',false),
(15,34,39,'04:20:24',false),
(15,38,40,'04:20:24',false),
(15,11,41,'04:20:24',false),
(15,218,42,'04:20:24',false),
(15,1,43,'04:20:24',false),
(15,52,44,'04:20:24',false),
(15,23,45,'04:20:24',false),
(15,92,46,'04:20:24',false),
(15,118,47,'04:20:24',false),
(15,91,48,'04:20:24',false),
(15,21,49,'04:20:24',false),
(15,149,50,'04:20:24',false),
(15,144,51,'04:20:24',false),
(15,107,52,'04:20:24',false),
(15,7,53,'04:20:24',false),
(15,211,54,'04:20:24',false),
(15,183,55,'04:20:24',false),
(15,112,56,'04:20:24',false),
(15,62,57,'04:20:24',false),
(15,155,58,'04:20:24',false),
(15,15,59,'04:20:24',false),
(15,191,60,'04:20:24',false),
(15,219,61,'04:20:24',false),
(15,199,62,'04:20:24',false),
(15,158,63,'04:20:24',false),
(15,69,64,'04:20:24',false),
(15,35,65,'04:20:24',false),
(15,96,66,'04:20:24',false),
(15,79,67,'04:20:24',false),
(15,85,68,'04:20:24',false),
(15,114,69,'04:20:24',false),
(15,84,70,'04:20:24',false),
(15,181,71,'04:20:24',false),
(15,188,72,'04:20:24',false),
(15,14,73,'04:20:24',false),
(15,36,74,'04:20:24',false),
(15,29,75,'04:20:24',false),
(15,46,76,'04:20:24',false),
(15,127,77,'04:20:24',false),
(15,24,78,'04:20:24',false),
(15,135,79,'04:20:24',false),
(15,41,80,'04:20:24',false),
(15,121,81,'04:20:24',false),
(15,215,82,'04:20:24',false),
(15,77,83,'04:20:24',false),
(15,174,84,'04:20:24',false),
(15,113,85,'04:20:24',false),
(15,42,86,'04:20:24',false),
(15,93,87,'04:20:24',false),
(15,73,88,'04:20:24',false),
(15,131,89,'04:20:24',false),
(15,103,90,'04:20:24',false),
(15,115,91,'04:20:24',false),
(15,81,92,'04:20:24',false),
(15,47,93,'04:20:24',false),
(15,58,94,'04:20:24',false),
(15,9,95,'04:20:24',false),
(15,102,96,'04:20:24',false),
(15,162,97,'04:20:24',false),
(15,22,98,'04:20:24',false),
(15,194,99,'04:20:24',false),
(15,119,100,'04:20:24',false),
(15,185,101,'04:20:24',false),
(15,152,102,'04:20:24',false),
(15,67,103,'04:20:24',false),
(15,146,104,'04:20:24',false),
(15,145,105,'04:20:24',false),
(15,217,106,'04:20:24',false),
(15,75,107,'04:20:24',false),
(15,139,108,'04:20:24',false),
(15,204,109,'04:20:24',false),
(15,213,110,'04:20:24',false),
(15,157,111,'04:20:24',false),
(15,4,112,'04:20:24',false),
(15,166,113,'04:20:24',false),
(15,8,114,'04:20:24',false),
(15,17,115,'04:20:24',false),
(15,117,116,'04:20:24',false),
(15,12,117,'04:20:47',false),
(15,167,118,'04:20:47',false),
(15,56,119,'04:20:52',false),
(15,163,120,'04:21:08',false),
(15,138,121,'04:21:13',false),
(15,205,122,'04:21:13',false),
(15,57,123,'04:21:15',false),
(15,206,124,'04:21:27',false),
(15,175,125,'04:21:52',false),
(15,173,126,'04:21:52',false),
(15,55,127,'04:21:59',false),
(15,203,128,'04:21:59',false),
(15,6,129,'04:21:59',false),
(15,5,130,'04:21:59',false),
(15,159,131,'04:21:59',false),
(15,165,132,'04:21:59',false),
(15,82,133,'04:21:59',false),
(15,168,134,'04:21:59',false),
(15,142,135,'04:21:59',false),
(15,65,136,'04:21:59',false),
(15,45,137,'04:22:11',false),
(15,209,138,'04:22:20',false),
(15,94,139,'04:22:43',false),
(15,19,140,'04:22:43',false),
(15,129,141,'04:22:43',false),
(15,126,142,'04:23:02',false),
(15,125,143,'04:23:02',false),
(15,198,144,'04:23:02',false),
(15,64,145,'04:23:02',false),
(15,133,146,'04:23:02',false),
(15,187,147,'04:23:33',false),
(15,182,148,'04:23:33',false),
(15,83,149,'04:23:33',false),
(15,147,150,'04:23:40',false),
(15,48,151,'04:23:40',false),
(15,98,152,'04:23:40',false),
(15,195,153,'04:23:40',false),
(15,106,154,'04:24:56',false),
(15,109,155,'04:24:56',false),
(15,184,156,'04:24:56',false),
(15,164,157,'04:24:56',false),
(15,148,158,'04:25:24',false),
(15,66,159,'04:25:24',false),
(15,3,160,'04:25:24',false),
(15,2,161,'04:25:24',false),
(15,172,162,'04:25:24',false),
(15,13,163,'04:25:24',false),
(15,76,164,'04:25:24',false),
(15,176,165,'04:25:24',false),
(15,99,166,'04:25:40',false),
(15,143,167,'04:25:46',false),
(15,178,168,'04:25:49',false),
(15,153,169,'04:26:34',false),
(15,27,170,'04:26:34',false),
(16,51,1,'03:31:38',false),
(16,114,2,'03:31:38',false),
(16,55,3,'03:31:40',false),
(16,175,4,'03:32:16',false),
(16,195,5,'03:32:30',false),
(16,24,6,'03:33:03',false),
(16,138,7,'03:33:03',false),
(16,206,8,'03:33:33',false),
(16,125,9,'03:33:33',false),
(16,64,10,'03:33:36',false),
(16,141,11,'03:36:01',false),
(16,1,12,'03:36:04',false),
(16,21,13,'03:36:04',false),
(16,88,14,'03:36:22',false),
(16,32,15,'03:36:22',false),
(16,151,16,'03:36:22',false),
(16,179,17,'03:36:22',false),
(16,181,18,'03:36:22',false),
(16,208,19,'03:36:22',false),
(16,118,20,'03:36:22',false),
(16,38,21,'03:36:22',false),
(16,18,22,'03:36:22',false),
(16,161,23,'03:36:22',false),
(16,211,24,'03:36:22',false),
(16,108,25,'03:36:22',false),
(16,23,26,'03:36:22',false),
(16,134,27,'03:36:22',false),
(16,52,28,'03:36:40',false),
(16,194,29,'03:36:55',false),
(16,91,30,'03:36:55',false),
(16,188,31,'03:36:55',false),
(16,103,32,'03:36:55',false),
(16,117,33,'03:36:55',false),
(16,58,34,'03:36:55',false),
(16,15,35,'03:37:10',false),
(16,11,36,'03:37:10',false),
(16,79,37,'03:37:10',false),
(16,3,38,'03:37:10',false),
(16,29,39,'03:37:10',false),
(16,102,40,'03:37:56',false),
(16,81,41,'03:37:56',false),
(16,16,42,'03:37:56',false),
(16,171,43,'03:38:26',false),
(16,77,44,'03:38:32',false),
(16,185,45,'03:38:32',false),
(16,95,46,'03:38:43',false),
(16,191,47,'03:38:50',false),
(16,7,48,'03:38:59',false),
(16,119,49,'03:38:59',false),
(16,213,50,'03:38:59',false),
(16,199,51,'03:38:59',false),
(16,124,52,'03:39:04',false),
(16,214,53,'03:39:04',false),
(16,62,54,'03:39:04',false),
(16,219,55,'03:39:04',false),
(16,131,56,'03:39:04',false),
(16,155,57,'03:39:04',false),
(16,69,58,'03:39:04',false),
(16,96,59,'03:39:04',false),
(16,98,60,'03:39:04',false),
(16,35,61,'03:39:04',false),
(16,144,62,'03:39:04',false),
(16,145,63,'03:39:04',false),
(16,204,64,'03:39:12',false),
(16,12,65,'03:39:46',false),
(16,99,66,'03:39:46',false),
(16,25,67,'03:39:46',false),
(16,75,68,'03:39:46',false),
(16,169,69,'03:39:46',false),
(16,93,70,'03:39:46',false),
(16,148,71,'03:39:46',false),
(16,19,72,'03:39:46',false),
(16,183,73,'03:39:46',false),
(16,42,74,'03:40:21',false),
(16,101,75,'03:40:25',false),
(16,41,76,'03:40:50',false),
(16,167,77,'03:41:00',false),
(16,168,78,'03:41:00',false),
(16,34,79,'03:41:37',false),
(16,173,80,'03:41:37',false),
(16,5,81,'03:41:37',false),
(16,203,82,'03:42:13',false),
(16,17,83,'03:42:13',false),
(16,22,84,'03:42:13',false),
(16,46,85,'03:43:52',false),
(16,149,86,'03:43:52',false),
(16,142,87,'03:43:52',false),
(16,158,88,'03:43:52',false),
(16,152,89,'03:43:52',false),
(16,146,90,'03:43:52',false),
(16,212,91,'03:43:52',false),
(16,94,92,'03:43:52',false),
(16,198,93,'03:43:52',false),
(16,14,94,'03:43:52',false),
(16,156,95,'03:43:56',false),
(16,6,96,'03:44:08',false),
(16,27,97,'03:44:08',false),
(16,121,98,'03:44:08',false),
(16,215,99,'03:44:08',false),
(16,68,100,'03:45:40',false),
(16,154,101,'03:45:40',false),
(16,112,102,'03:45:40',false),
(16,109,103,'03:45:40',false),
(16,73,104,'03:45:40',false),
(16,56,105,'03:45:40',false),
(16,165,106,'03:45:52',false),
(16,115,107,'03:45:52',false),
(16,49,108,'03:46:44',false),
(16,105,109,'03:46:44',false),
(16,162,110,'03:46:44',false),
(16,89,111,'03:46:44',false),
(16,202,112,'03:46:44',false),
(16,189,113,'03:46:44',false),
(16,66,114,'03:46:44',false),
(16,8,115,'03:46:44',false),
(16,106,116,'03:46:44',false),
(16,33,117,'03:46:44',false),
(16,113,118,'03:46:44',false),
(16,177,119,'03:46:44',false),
(16,36,120,'03:46:44',false),
(16,107,121,'03:46:44',false),
(16,85,122,'03:46:44',false),
(16,133,123,'03:46:44',false),
(16,82,124,'03:46:44',false),
(16,163,125,'03:46:44',false),
(16,139,126,'03:46:44',false),
(16,164,127,'03:46:44',false),
(16,84,128,'03:46:44',false),
(16,166,129,'03:46:44',false),
(16,4,130,'03:46:44',false),
(16,63,131,'03:46:44',false),
(16,2,132,'03:46:44',false),
(16,217,133,'03:46:44',false),
(16,116,134,'03:46:44',false),
(16,47,135,'03:46:44',false),
(16,13,136,'03:46:44',false),
(16,123,137,'03:46:44',false),
(16,92,138,'03:46:44',false),
(16,174,139,'03:46:44',false),
(16,176,140,'03:46:44',false),
(16,48,141,'03:46:44',false),
(16,129,142,'03:46:44',false),
(16,209,143,'03:47:03',false),
(16,178,144,'03:47:03',false),
(16,205,145,'03:47:03',false),
(16,67,146,'03:47:03',false),
(16,135,147,'03:47:03',false),
(16,172,148,'03:47:03',false),
(16,97,149,'03:47:03',false),
(16,9,150,'03:47:03',false),
(16,54,151,'03:47:03',false),
(16,187,152,'03:47:03',false),
(16,218,153,'03:47:03',false),
(16,76,154,'03:47:03',false),
(16,57,155,'03:47:03',false),
(16,65,156,'03:47:03',false),
(16,83,157,'03:47:03',false),
(16,153,158,'03:47:03',false),
(16,159,159,'03:47:03',false),
(16,45,160,'03:47:03',false),
(16,157,161,'03:47:03',false),
(16,127,162,'03:47:03',false),
(16,137,163,'03:47:03',false),
(16,126,164,'03:47:03',false),
(16,147,165,'03:47:03',false),
(16,182,166,'03:47:03',false),
(16,143,167,'03:47:14',false),
(16,184,168,'03:47:29',false),
(16,216,169,'03:47:29',false),
(16,53,170,'03:47:03',false),
(17,114,1,'04:18:00',false),
(17,45,2,'04:18:40',false),
(17,131,3,'04:18:50',false),
(17,155,4,'04:18:50',false),
(17,121,5,'04:18:50',false),
(17,63,6,'04:19:10',false),
(17,96,7,'04:19:10',false),
(17,76,8,'04:19:10',false),
(17,216,9,'04:19:15',false),
(17,202,10,'04:20:20',false),
(17,82,11,'04:20:20',false),
(17,25,12,'04:20:37',false),
(17,205,13,'04:21:35',false),
(17,101,14,'04:22:00',false),
(17,49,15,'04:22:00',false),
(17,124,16,'04:22:00',false),
(17,18,17,'04:22:26',false),
(17,161,18,'04:22:26',false),
(17,21,19,'04:22:26',false),
(17,141,20,'04:22:26',false),
(17,108,21,'04:22:26',false),
(17,1,22,'04:22:26',false),
(17,151,23,'04:22:26',false),
(17,11,24,'04:22:26',false),
(17,38,25,'04:22:26',false),
(17,211,26,'04:22:34',false),
(17,118,27,'04:22:34',false),
(17,181,28,'04:22:53',false),
(17,79,29,'04:22:53',false),
(17,52,30,'04:22:53',false),
(17,91,31,'04:22:53',false),
(17,58,32,'04:23:03',false),
(17,188,33,'04:23:03',false),
(17,134,34,'04:23:40',false),
(17,103,35,'04:23:56',false),
(17,191,36,'04:23:56',false),
(17,69,37,'04:23:56',false),
(17,194,38,'04:23:56',false),
(17,23,39,'04:23:56',false),
(17,29,40,'04:23:56',false),
(17,15,41,'04:23:56',false),
(17,148,42,'04:23:56',false),
(17,204,43,'04:23:56',false),
(17,55,44,'04:24:26',false),
(17,119,45,'04:24:26',false),
(17,32,46,'04:24:26',false),
(17,199,47,'04:24:47',false),
(17,208,48,'04:24:58',false),
(17,179,49,'04:24:58',false),
(17,6,50,'04:24:58',false),
(17,219,51,'04:24:58',false),
(17,156,52,'04:26:27',false),
(17,137,53,'04:26:27',false),
(17,73,54,'04:26:31',false),
(17,19,55,'04:26:51',false),
(17,217,56,'04:27:57',false),
(17,98,57,'04:28:42',false),
(17,66,58,'04:30:36',false),
(17,95,59,'04:30:36',false),
(17,13,60,'04:30:36',false),
(17,144,61,'04:30:36',false),
(17,93,62,'04:30:36',false),
(17,88,63,'04:30:36',false),
(17,5,64,'04:30:36',false),
(17,185,65,'04:30:36',false),
(17,183,66,'04:30:36',false),
(17,154,67,'04:30:36',false),
(17,3,68,'04:30:36',false),
(17,213,69,'04:30:36',false),
(17,117,70,'04:30:36',false),
(17,165,71,'04:30:36',false),
(17,169,72,'04:30:36',false),
(17,146,73,'04:30:36',false),
(17,145,74,'04:30:36',false),
(17,167,75,'04:30:36',false),
(17,206,76,'04:30:36',false),
(17,203,77,'04:32:15',false),
(17,135,78,'04:32:15',false),
(17,102,79,'04:32:15',false),
(17,189,80,'04:32:15',false),
(17,41,81,'04:32:15',false),
(17,46,82,'04:32:15',false),
(17,113,83,'04:32:15',false),
(17,115,84,'04:32:15',false),
(17,123,85,'04:32:15',false),
(17,143,86,'04:32:15',false),
(17,33,87,'04:32:15',false),
(17,34,88,'04:32:15',false),
(17,17,89,'04:32:15',false),
(17,89,90,'04:32:15',false),
(17,7,91,'04:32:15',false),
(17,164,92,'04:32:15',false),
(17,36,93,'04:32:15',false),
(17,94,94,'04:32:15',false),
(17,14,95,'04:32:15',false),
(17,92,96,'04:32:15',false),
(17,149,97,'04:32:15',false),
(17,97,98,'04:32:15',false),
(17,4,99,'04:32:15',false),
(17,153,100,'04:32:15',false),
(17,152,101,'04:32:15',false),
(17,99,102,'04:32:15',false),
(17,8,103,'04:32:15',false),
(17,35,104,'04:32:15',false),
(17,159,105,'04:32:15',false),
(17,84,106,'04:32:15',false),
(17,62,107,'04:32:15',false),
(17,157,108,'04:32:15',false),
(17,105,109,'04:32:15',false),
(17,85,110,'04:32:15',false),
(17,158,111,'04:32:15',false),
(17,187,112,'04:32:15',false),
(17,133,113,'04:32:15',false),
(17,107,114,'04:32:15',false),
(17,142,115,'04:32:15',false),
(17,75,116,'04:32:15',false),
(17,178,117,'04:32:15',false),
(17,42,118,'04:32:15',false),
(17,109,119,'04:32:15',false),
(17,106,120,'04:32:15',false),
(17,209,121,'04:32:15',false),
(17,139,122,'04:32:15',false),
(17,51,123,'04:32:15',false),
(17,9,124,'04:32:15',false),
(17,24,125,'04:32:15',false),
(17,2,126,'04:32:15',false),
(17,22,127,'04:32:15',false),
(17,77,128,'04:32:15',false),
(17,212,129,'04:32:15',false),
(17,198,130,'04:32:15',false),
(17,215,131,'04:32:15',false),
(17,218,132,'04:32:15',false),
(17,166,133,'04:32:15',false),
(17,125,134,'04:32:15',false),
(17,162,135,'04:32:15',false),
(17,168,136,'04:32:15',false),
(17,147,137,'04:32:15',false),
(17,12,138,'04:32:15',false),
(17,112,139,'04:32:15',false),
(17,214,140,'04:32:15',false),
(17,16,141,'04:32:15',false),
(17,27,142,'04:32:15',false),
(17,64,143,'04:32:15',false),
(17,138,144,'04:32:15',false),
(17,172,145,'04:32:15',false),
(17,176,146,'04:32:15',false),
(17,65,147,'04:32:15',false),
(17,57,148,'04:32:15',false),
(17,68,149,'04:32:15',false),
(17,47,150,'04:32:15',false),
(17,81,151,'04:32:15',false),
(17,163,152,'04:32:15',false),
(17,54,153,'04:32:15',false),
(17,116,154,'04:32:15',false),
(17,184,155,'04:32:15',false),
(17,182,156,'04:32:15',false),
(17,126,157,'04:32:15',false),
(17,129,158,'04:32:15',false),
(17,53,159,'04:32:15',false),
(17,48,160,'04:32:15',false),
(17,177,161,'04:32:15',false),
(17,174,162,'04:32:15',false),
(17,173,163,'04:32:15',false),
(17,175,164,'04:32:15',false),
(17,56,165,'04:32:15',false),
(17,171,166,'04:32:15',false),
(17,127,167,'04:32:15',false),
(17,195,168,'04:32:35',false),
(17,83,169,'04:38:38',false),
(18,11,1,'06:07:56',false),
(18,18,2,'06:10:03',false),
(18,141,3,'06:10:11',false),
(18,91,4,'06:10:14',false),
(18,181,5,'06:10:17',false),
(18,188,6,'06:10:23',false),
(18,161,7,'06:10:29',false),
(18,151,8,'06:11:18',false),
(18,52,9,'06:11:21',false),
(18,55,10,'06:11:27',false),
(18,65,11,'06:11:31',false),
(18,58,12,'06:11:34',false),
(18,79,13,'06:11:40',false),
(18,38,14,'06:11:46',false),
(18,1,15,'06:11:46',false),
(18,108,16,'06:11:51',false),
(18,103,17,'06:12:03',false),
(18,21,18,'06:12:38',false),
(18,101,19,'06:12:54',false),
(18,211,20,'06:13:03',false),
(18,41,21,'06:13:31',false),
(18,124,22,'06:13:31',false),
(18,194,23,'06:14:49',false),
(18,134,24,'06:14:57',false),
(18,208,25,'06:15:21',false),
(18,117,26,'06:15:27',false),
(18,118,27,'06:15:27',false),
(18,198,28,'06:15:40',false),
(18,191,29,'06:17:13',false),
(18,81,30,'06:17:13',false),
(18,135,31,'06:18:29',false),
(18,119,32,'06:19:13',false),
(18,98,33,'06:20:17',false),
(18,3,34,'06:21:33',false),
(18,15,35,'06:22:02',false),
(18,109,36,'06:22:16',false),
(18,6,37,'06:22:41',false),
(18,22,38,'06:23:49',false),
(18,204,39,'06:25:19',false),
(18,29,40,'06:25:28',false),
(18,125,41,'06:26:14',false),
(18,179,42,'06:26:21',false),
(18,203,43,'06:27:08',false),
(18,62,44,'06:28:04',false),
(18,84,45,'06:28:25',false),
(18,146,46,'06:28:25',false),
(18,49,47,'06:28:39',false),
(18,182,48,'06:28:39',false),
(18,167,49,'06:29:23',false),
(18,17,50,'06:29:47',false),
(18,164,51,'06:30:25',false),
(18,23,52,'06:34:17',false),
(18,73,53,'06:35:35',false),
(18,145,54,'06:36:14',false),
(18,142,55,'06:36:29',false),
(18,2,56,'06:36:34',false),
(18,25,57,'06:38:58',false),
(18,27,58,'06:39:06',false),
(18,88,59,'06:39:13',false),
(18,42,60,'06:39:13',false),
(18,16,61,'06:39:13',false),
(18,102,62,'06:39:13',false),
(18,75,63,'06:39:13',false),
(18,19,64,'06:39:13',false),
(18,48,65,'06:39:13',false),
(18,69,66,'06:39:13',false),
(18,219,67,'06:39:13',false),
(18,209,68,'06:39:13',false),
(18,63,69,'06:39:13',false),
(18,217,70,'06:39:13',false),
(18,149,71,'06:39:13',false),
(18,144,72,'06:39:13',false),
(18,66,73,'06:39:13',false),
(18,148,74,'06:39:13',false),
(18,199,75,'06:39:13',false),
(18,157,76,'06:39:13',false),
(18,57,77,'06:39:13',false),
(18,53,78,'06:39:13',false),
(18,77,79,'06:39:13',false),
(18,5,80,'06:41:40',false),
(18,139,81,'06:43:36',false),
(18,133,82,'06:43:36',false),
(18,173,83,'06:43:36',false),
(18,14,84,'06:43:36',false),
(18,131,85,'06:43:36',false),
(18,115,86,'06:43:36',false),
(18,95,87,'06:43:36',false),
(18,34,88,'06:43:36',false),
(18,83,89,'06:43:36',false),
(18,35,90,'06:43:36',false),
(18,121,91,'06:43:36',false),
(18,189,92,'06:43:36',false),
(18,33,93,'06:43:36',false),
(18,147,94,'06:43:36',false),
(18,82,95,'06:43:36',false),
(18,171,96,'06:43:36',false),
(18,12,97,'06:43:36',false),
(18,187,98,'06:43:36',false),
(18,64,99,'06:43:36',false),
(18,163,100,'06:43:36',false),
(18,113,101,'06:43:36',false),
(18,105,102,'06:43:36',false),
(18,183,103,'06:43:36',false),
(18,206,104,'06:43:36',false),
(18,156,105,'06:43:36',false),
(18,85,106,'06:43:36',false),
(18,175,107,'06:43:36',false),
(18,215,108,'06:43:36',false),
(18,174,109,'06:43:36',false),
(18,214,110,'06:43:36',false),
(18,177,111,'06:43:36',false),
(18,178,112,'06:43:36',false),
(18,46,113,'06:43:36',false),
(18,169,114,'06:43:36',false),
(18,166,115,'06:43:36',false),
(18,165,116,'06:43:36',false),
(18,106,117,'06:43:36',false),
(18,56,118,'06:43:36',false),
(18,99,119,'06:43:36',false),
(18,168,120,'06:43:36',false),
(18,24,121,'06:43:36',false),
(18,94,122,'06:43:36',false),
(18,112,123,'06:43:36',false),
(18,51,124,'06:43:36',false),
(18,4,125,'06:43:36',false),
(18,47,126,'06:43:36',false),
(18,96,127,'06:43:36',false),
(18,126,128,'06:43:36',false),
(18,213,129,'06:43:36',false),
(18,127,130,'06:43:36',false),
(18,93,131,'06:43:36',false),
(18,45,132,'06:43:36',false),
(18,32,133,'06:43:36',false),
(18,68,134,'06:43:36',false),
(18,97,135,'06:43:36',false),
(18,205,136,'06:43:36',false),
(18,138,137,'06:43:36',false),
(18,159,138,'06:43:36',false),
(18,172,139,'06:43:36',false),
(18,13,140,'06:43:36',false),
(18,7,141,'06:43:36',false),
(18,155,142,'06:43:36',false),
(18,114,143,'06:43:36',false),
(18,89,144,'06:43:36',false),
(18,158,145,'06:43:36',false),
(18,153,146,'06:43:36',false),
(18,195,147,'06:43:36',false),
(18,212,148,'06:43:36',false),
(18,123,149,'06:43:36',false),
(18,116,150,'06:43:36',false),
(18,9,151,'06:43:36',false),
(18,154,152,'06:43:36',false),
(18,107,153,'06:43:36',false),
(18,137,154,'06:43:36',false),
(18,54,155,'06:43:36',false),
(18,176,156,'06:43:36',false),
(18,185,157,'06:43:36',false),
(18,152,158,'06:43:36',false),
(18,92,159,'06:43:36',false),
(18,8,160,'06:43:36',false),
(18,216,161,'06:43:36',false),
(18,184,162,'06:43:36',false),
(18,76,163,'06:43:36',false),
(18,129,164,'06:43:36',false),
(18,143,165,'06:43:36',false),
(18,202,166,'06:43:36',false),
(18,218,167,'06:43:36',false),
(18,36,168,'06:43:36',false),
(19,188,1,'03:13:25',false),
(19,21,2,'03:13:39',false),
(19,1,3,'03:13:48',false),
(19,179,4,'03:14:22',false),
(19,141,5,'03:14:22',false),
(19,203,6,'03:14:22',false),
(19,161,7,'03:14:22',false),
(19,18,8,'03:14:22',false),
(19,11,9,'03:14:22',false),
(19,55,10,'03:14:40',false),
(19,52,11,'03:14:40',false),
(19,108,12,'03:14:52',false),
(19,103,13,'03:15:31',false),
(19,151,14,'03:15:31',false),
(19,91,15,'03:15:31',false),
(19,75,16,'03:15:31',false),
(19,211,17,'03:15:56',false),
(19,124,18,'03:16:11',false),
(19,58,19,'03:16:47',false),
(19,181,20,'03:16:47',false),
(19,199,21,'03:16:47',false),
(19,134,22,'03:16:47',false),
(19,42,23,'03:16:59',false),
(19,106,24,'03:17:12',false),
(19,62,25,'03:17:51',false),
(19,2,26,'03:18:17',false),
(19,45,27,'03:18:44',false),
(19,115,28,'03:18:44',false),
(19,107,29,'03:18:44',false),
(19,167,30,'03:19:06',false),
(19,131,31,'03:19:14',false),
(19,135,32,'03:19:14',false),
(19,23,33,'03:19:14',false),
(19,13,34,'03:19:14',false),
(19,216,35,'03:20:12',false),
(19,29,36,'03:20:38',false),
(19,113,37,'03:21:05',false),
(19,48,38,'03:21:38',false),
(19,121,39,'03:22:10',false),
(19,22,40,'03:22:10',false),
(19,98,41,'03:23:12',false),
(19,157,42,'03:23:12',false),
(19,81,43,'03:23:12',false),
(19,117,44,'03:23:12',false),
(19,208,45,'03:23:57',false),
(19,155,46,'03:24:22',false),
(19,41,47,'03:24:24',false),
(19,83,48,'03:25:50',false),
(19,79,49,'03:25:53',false),
(19,47,50,'03:26:03',false),
(19,102,51,'03:26:09',false),
(19,6,52,'03:26:09',false),
(19,137,53,'03:26:09',false),
(19,109,54,'03:26:09',false),
(19,5,55,'03:26:09',false),
(19,93,56,'03:26:09',false),
(19,194,57,'03:26:22',false),
(19,129,58,'03:26:29',false),
(19,19,59,'03:26:31',false),
(19,182,60,'03:27:20',false),
(19,187,61,'03:27:20',false),
(19,183,62,'03:27:20',false),
(19,185,63,'03:27:20',false),
(19,16,64,'03:27:20',false),
(19,145,65,'03:27:20',false),
(19,164,66,'03:27:20',false),
(19,138,67,'03:27:23',false),
(19,204,68,'03:28:55',false),
(19,27,69,'03:29:00',false),
(19,32,70,'03:29:31',false),
(19,38,71,'03:29:31',false),
(19,46,72,'03:29:31',false),
(19,112,73,'03:31:05',false),
(19,15,74,'03:31:05',false),
(19,92,75,'03:31:05',false),
(19,96,76,'03:31:05',false),
(19,144,77,'03:31:05',false),
(19,114,78,'03:31:05',false),
(19,146,79,'03:31:05',false),
(19,14,80,'03:31:05',false),
(19,217,81,'03:31:05',false),
(19,127,82,'03:31:10',false),
(19,154,83,'03:32:32',false),
(19,77,84,'03:34:22',false),
(19,85,85,'03:38:52',false),
(19,133,86,'03:38:52',false),
(19,206,87,'03:38:52',false),
(19,34,88,'03:38:52',false),
(19,163,89,'03:38:52',false),
(19,169,90,'03:38:52',false),
(19,88,91,'03:38:52',false),
(19,51,92,'03:38:52',false),
(19,33,93,'03:38:52',false),
(19,189,94,'03:38:52',false),
(19,84,95,'03:38:52',false),
(19,36,96,'03:38:52',false),
(19,173,97,'03:38:52',false),
(19,171,98,'03:38:52',false),
(19,101,99,'03:38:52',false),
(19,147,100,'03:38:52',false),
(19,158,101,'03:38:52',false),
(19,17,102,'03:38:52',false),
(19,177,103,'03:38:52',false),
(19,212,104,'03:38:52',false),
(19,24,105,'03:38:52',false),
(19,25,106,'03:38:52',false),
(19,174,107,'03:38:52',false),
(19,116,108,'03:38:52',false),
(19,3,109,'03:38:52',false),
(19,159,110,'03:38:52',false),
(19,63,111,'03:38:52',false),
(19,8,112,'03:38:52',false),
(19,4,113,'03:38:52',false),
(19,149,114,'03:38:52',false),
(19,35,115,'03:38:52',false),
(19,105,116,'03:38:52',false),
(19,142,117,'03:38:52',false),
(19,64,118,'03:38:52',false),
(19,218,119,'03:38:52',false),
(19,95,120,'03:38:52',false),
(19,126,121,'03:38:52',false),
(19,178,122,'03:38:52',false),
(19,94,123,'03:38:52',false),
(19,119,124,'03:38:52',false),
(19,69,125,'03:38:52',false),
(19,139,126,'03:38:52',false),
(19,195,127,'03:38:52',false),
(19,219,128,'03:38:52',false),
(19,7,129,'03:38:52',false),
(19,213,130,'03:38:52',false),
(19,168,131,'03:38:52',false),
(19,66,132,'03:38:52',false),
(19,209,133,'03:38:52',false),
(19,68,134,'03:38:52',false),
(19,165,135,'03:38:52',false),
(19,153,136,'03:38:52',false),
(19,148,137,'03:38:52',false),
(19,118,138,'03:38:52',false),
(19,172,139,'03:38:52',false),
(19,73,140,'03:38:52',false),
(19,198,141,'03:38:52',false),
(19,215,142,'03:38:52',false),
(19,152,143,'03:38:52',false),
(19,57,144,'03:38:52',false),
(19,143,145,'03:38:52',false),
(19,97,146,'03:38:52',false),
(19,76,147,'03:38:52',false),
(19,214,148,'03:38:52',false),
(19,191,149,'03:38:52',false),
(19,156,150,'03:38:52',false),
(19,166,151,'03:38:52',false),
(19,12,152,'03:38:52',false),
(19,184,153,'03:38:52',false),
(19,54,154,'03:38:52',false),
(19,65,155,'03:38:52',false),
(19,9,156,'03:38:52',false),
(19,82,157,'03:38:52',false),
(19,123,158,'03:38:52',false),
(19,125,159,'03:38:52',false),
(19,49,160,'03:38:52',false),
(19,89,161,'03:38:52',false),
(19,202,162,'03:38:52',false),
(19,175,163,'03:38:52',false),
(19,99,164,'03:38:52',false),
(19,53,165,'03:38:52',false),
(19,176,166,'03:38:52',false),
(19,56,167,'03:38:52',false),
(20,175,1,'00:55:33',false),
(20,141,2,'00:55:40',false),
(20,1,3,'00:56:39',false),
(20,203,4,'00:57:02',false),
(20,5,5,'00:57:03',false),
(20,108,6,'00:57:06',false),
(20,21,7,'00:57:10',false),
(20,12,8,'00:57:15',false),
(20,179,9,'00:57:36',false),
(20,151,10,'00:57:36',false),
(20,52,11,'00:57:41',false),
(20,114,12,'00:57:43',false),
(20,181,13,'00:57:47',false),
(20,15,14,'00:58:09',false),
(20,93,15,'00:58:09',false),
(20,168,16,'00:58:11',false),
(20,11,17,'00:58:11',false),
(20,209,18,'00:58:12',false),
(20,109,19,'00:58:12',false),
(20,18,20,'00:58:14',false),
(20,188,21,'00:58:23',false),
(20,211,22,'00:58:24',false),
(20,35,23,'00:58:30',false),
(20,42,24,'00:58:31',false),
(20,58,25,'00:58:33',false),
(20,131,26,'00:58:36',false),
(20,138,27,'00:58:56',false),
(20,121,28,'00:59:01',false),
(20,176,29,'00:59:03',false),
(20,191,30,'00:59:09',false),
(20,161,31,'00:59:11',false),
(20,56,32,'00:59:14',false),
(20,92,33,'00:59:16',false),
(20,91,34,'00:59:20',false),
(20,7,35,'00:59:24',false),
(20,172,36,'00:59:30',false),
(20,6,37,'00:59:31',false),
(20,102,38,'00:59:32',false),
(20,41,39,'00:59:34',false),
(20,49,40,'00:59:40',false),
(20,79,41,'00:59:43',false),
(20,29,42,'00:59:46',false),
(20,73,43,'00:59:51',false),
(20,112,44,'00:59:53',false),
(20,115,45,'00:59:56',false),
(20,117,46,'00:59:57',false),
(20,213,47,'01:00:03',false),
(20,95,48,'01:00:08',false),
(20,76,49,'01:00:09',false),
(20,124,50,'01:00:11',false),
(20,83,51,'01:00:12',false),
(20,134,52,'01:00:15',false),
(20,208,53,'01:00:16',false),
(20,38,54,'01:00:17',false),
(20,16,55,'01:00:17',false),
(20,195,56,'01:00:19',false),
(20,57,57,'01:00:21',false),
(20,144,58,'01:00:22',false),
(20,182,59,'01:00:25',false),
(20,127,60,'01:00:25',false),
(20,119,61,'01:00:27',false),
(20,55,62,'01:00:29',false),
(20,156,63,'01:00:33',false),
(20,183,64,'01:00:34',false),
(20,69,65,'01:00:38',false),
(20,23,66,'01:00:42',false),
(20,178,67,'01:00:44',false),
(20,103,68,'01:00:45',false),
(20,13,69,'01:00:48',false),
(20,149,70,'01:00:49',false),
(20,47,71,'01:00:49',false),
(20,32,72,'01:00:52',false),
(20,155,73,'01:00:53',false),
(20,107,74,'01:00:59',false),
(20,46,75,'01:01:00',false),
(20,199,76,'01:01:03',false),
(20,98,77,'01:01:08',false),
(20,75,78,'01:01:11',false),
(20,77,79,'01:01:15',false),
(20,187,80,'01:01:16',false),
(20,194,81,'01:01:19',false),
(20,148,82,'01:01:19',false),
(20,68,83,'01:01:20',false),
(20,174,84,'01:01:21',false),
(20,142,85,'01:01:24',false),
(20,96,86,'01:01:25',false),
(20,167,87,'01:01:26',false),
(20,137,88,'01:01:27',false),
(20,135,89,'01:01:27',false),
(20,14,90,'01:01:29',false),
(20,88,91,'01:01:30',false),
(20,34,92,'01:01:34',false),
(20,219,93,'01:01:35',false),
(20,113,94,'01:01:36',false),
(20,159,95,'01:01:38',false),
(20,62,96,'01:01:40',false),
(20,125,97,'01:01:41',false),
(20,185,98,'01:01:41',false),
(20,66,99,'01:01:43',false),
(20,163,100,'01:01:44',false),
(20,3,101,'01:01:47',false),
(20,81,102,'01:01:47',false),
(20,189,103,'01:01:48',false),
(20,84,104,'01:01:51',false),
(20,51,105,'01:01:52',false),
(20,217,106,'01:01:54',false),
(20,198,107,'01:01:56',false),
(20,204,108,'01:01:56',false),
(20,157,109,'01:01:58',false),
(20,22,110,'01:01:58',false),
(20,146,111,'01:02:01',false),
(20,105,112,'01:02:01',false),
(20,206,113,'01:02:02',false),
(20,101,114,'01:02:02',false),
(20,147,115,'01:02:03',false),
(20,2,116,'01:02:05',false),
(20,85,117,'01:02:07',false),
(20,17,118,'01:02:09',false),
(20,94,119,'01:02:18',false),
(20,212,120,'01:02:20',false),
(20,145,121,'01:02:23',false),
(20,118,122,'01:02:24',false),
(20,64,123,'01:02:27',false),
(20,48,124,'01:02:29',false),
(20,169,125,'01:02:29',false),
(20,216,126,'01:02:37',false),
(20,25,127,'01:02:41',false),
(20,143,128,'01:02:42',false),
(20,82,129,'01:02:42',false),
(20,116,130,'01:02:47',false),
(20,153,131,'01:02:52',false),
(20,53,132,'01:02:55',false),
(20,214,133,'01:02:57',false),
(20,184,134,'01:03:01',false),
(20,106,135,'01:03:03',false),
(20,24,136,'01:03:04',false),
(20,36,137,'01:03:09',false),
(20,126,138,'01:03:12',false),
(20,33,139,'01:03:12',false),
(20,165,140,'01:03:12',false),
(20,158,141,'01:03:14',false),
(20,54,142,'01:03:17',false),
(20,133,143,'01:03:26',false),
(20,45,144,'01:03:27',false),
(20,89,145,'01:03:28',false),
(20,218,146,'01:03:28',false),
(20,123,147,'01:03:40',false),
(20,139,148,'01:03:42',false),
(20,97,149,'01:03:44',false),
(20,173,150,'01:03:44',false),
(20,8,151,'01:03:49',false),
(20,27,152,'01:03:52',false),
(20,177,153,'01:03:59',false),
(20,9,154,'01:04:00',false),
(20,164,155,'01:04:05',false),
(20,171,156,'01:04:08',false),
(20,19,157,'01:04:10',false),
(20,99,158,'01:04:17',false),
(20,63,159,'01:04:19',false),
(20,166,160,'01:04:36',false),
(20,152,161,'01:04:50',false),
(20,4,162,'01:05:00',false),
(20,65,163,'01:05:17',false),
(20,202,164,'01:05:18',false),
(20,154,165,'01:05:21',false),
(20,129,166,'01:06:11',false),
(20,215,167,'01:06:52',false),
(21,171,1,'02:27:02',false),
(21,114,2,'02:27:02',false),
(21,33,3,'02:27:02',false),
(21,54,4,'02:27:02',false),
(21,12,5,'02:27:02',false),
(21,95,6,'02:27:02',false),
(21,202,7,'02:27:02',false),
(21,68,8,'02:27:02',false),
(21,123,9,'02:27:02',false),
(21,214,10,'02:27:02',false),
(21,105,11,'02:27:02',false),
(21,163,12,'02:27:02',false),
(21,177,13,'02:27:02',false),
(21,112,14,'02:27:02',false),
(21,89,15,'02:27:02',false),
(21,153,16,'02:27:02',false),
(21,195,17,'02:27:02',false),
(21,65,18,'02:27:02',false),
(21,169,19,'02:27:02',false),
(21,189,20,'02:27:02',false),
(21,88,21,'02:27:02',false),
(21,212,22,'02:27:02',false),
(21,24,23,'02:27:02',false),
(21,97,24,'02:27:02',false),
(21,107,25,'02:27:02',false),
(21,156,26,'02:27:02',false),
(21,151,27,'02:27:02',false),
(21,208,28,'02:27:02',false),
(21,134,29,'02:27:02',false),
(21,115,30,'02:27:02',false),
(21,165,31,'02:27:02',false),
(21,96,32,'02:27:02',false),
(21,154,33,'02:27:02',false),
(21,179,34,'02:27:02',false),
(21,108,35,'02:27:02',false),
(21,53,36,'02:27:02',false),
(21,57,37,'02:27:02',false),
(21,215,38,'02:27:02',false),
(21,63,39,'02:27:02',false),
(21,155,40,'02:27:02',false),
(21,94,41,'02:27:02',false),
(21,125,42,'02:27:02',false),
(21,161,43,'02:27:02',false),
(21,49,44,'02:27:02',false),
(21,124,45,'02:27:02',false),
(21,113,46,'02:27:02',false),
(21,16,47,'02:27:02',false),
(21,174,48,'02:27:02',false),
(21,133,49,'02:27:02',false),
(21,219,50,'02:27:02',false),
(21,18,51,'02:27:02',false),
(21,25,52,'02:27:02',false),
(21,58,53,'02:27:02',false),
(21,45,54,'02:27:02',false),
(21,8,55,'02:27:02',false),
(21,141,56,'02:27:02',false),
(21,143,57,'02:27:02',false),
(21,144,58,'02:27:02',false),
(21,149,59,'02:27:02',false),
(21,142,60,'02:27:02',false),
(21,15,61,'02:27:02',false),
(21,146,62,'02:27:02',false),
(21,117,63,'02:27:02',false),
(21,194,64,'02:27:02',false),
(21,46,65,'02:27:02',false),
(21,83,66,'02:27:02',false),
(21,85,67,'02:27:02',false),
(21,11,68,'02:27:02',false),
(21,13,69,'02:27:02',false),
(21,121,70,'02:27:02',false),
(21,1,71,'02:27:02',false),
(21,41,72,'02:27:02',false),
(21,183,73,'02:27:02',false),
(21,137,74,'02:27:02',false),
(21,36,75,'02:27:02',false),
(21,185,76,'02:27:02',false),
(21,213,77,'02:27:02',false),
(21,99,78,'02:27:02',false),
(21,188,79,'02:27:02',false),
(21,158,80,'02:27:02',false),
(21,92,81,'02:27:02',false),
(21,79,82,'02:27:02',false),
(21,159,83,'02:27:02',false),
(21,23,84,'02:27:02',false),
(21,135,85,'02:27:02',false),
(21,218,86,'02:27:02',false),
(21,32,87,'02:27:02',false),
(21,131,88,'02:27:02',false),
(21,166,89,'02:27:02',false),
(21,167,90,'02:27:02',false),
(21,5,91,'02:27:02',false),
(21,152,92,'02:27:02',false),
(21,103,93,'02:27:02',false),
(21,187,94,'02:27:02',false),
(21,217,95,'02:27:02',false),
(21,84,96,'02:27:02',false),
(21,35,97,'02:27:02',false),
(21,139,98,'02:27:02',false),
(21,199,99,'02:27:02',false),
(21,216,100,'02:27:02',false),
(21,81,101,'02:27:02',false),
(21,184,102,'02:27:02',false),
(21,29,103,'02:27:02',false),
(21,181,104,'02:27:02',false),
(21,211,105,'02:27:02',false),
(21,52,106,'02:27:02',false),
(21,3,107,'02:27:02',false),
(21,22,108,'02:27:02',false),
(21,73,109,'02:27:02',false),
(21,19,110,'02:27:02',false),
(21,204,111,'02:27:02',false),
(21,75,112,'02:27:02',false),
(21,21,113,'02:27:02',false),
(21,64,114,'02:27:02',false),
(21,51,115,'02:27:02',false),
(21,17,116,'02:27:02',false),
(21,2,117,'02:27:02',false),
(21,118,118,'02:27:02',false),
(21,27,119,'02:27:02',false),
(21,14,120,'02:27:02',false),
(21,9,121,'02:27:02',false),
(21,109,122,'02:27:02',false),
(21,6,123,'02:27:02',false),
(21,42,124,'02:27:02',false),
(21,82,125,'02:27:02',false),
(21,62,126,'02:27:02',false),
(21,101,127,'02:27:02',false),
(21,191,128,'02:27:02',false),
(21,91,129,'02:27:02',false),
(21,98,130,'02:27:02',false),
(21,69,131,'02:27:02',false),
(21,209,132,'02:27:02',false),
(21,93,133,'02:27:02',false),
(21,106,134,'02:27:02',false),
(21,182,135,'02:27:02',false),
(21,102,136,'02:27:02',false),
(21,48,137,'02:27:02',false),
(21,7,138,'02:27:02',false),
(21,4,139,'02:27:02',false),
(21,55,140,'02:27:02',false),
(21,66,141,'02:27:02',false),
(21,76,142,'02:27:02',false),
(21,145,143,'02:27:02',false),
(21,127,144,'02:27:02',false),
(21,198,145,'02:27:02',false),
(21,116,146,'02:27:02',false),
(21,77,147,'02:27:02',false),
(21,206,148,'02:27:02',false),
(21,119,149,'02:27:02',false),
(21,176,150,'02:27:02',false),
(21,47,151,'02:27:02',false),
(21,203,152,'02:27:35',false),
(21,148,153,'02:27:35',false),
(21,147,154,'02:27:35',false),
(21,126,155,'02:27:35',false),
(21,157,156,'02:27:35',false),
(21,129,157,'02:27:37',false),
(21,56,158,'02:27:37',false),
(21,175,159,'02:27:38',false),
(21,178,160,'02:27:40',false),
(21,173,161,'02:27:50',false),
(21,138,162,'02:28:01',false),
(21,34,163,'02:28:01',false),
(21,38,164,'02:28:01',false),
(21,168,165,'02:28:34',false),
(21,164,166,'02:28:34',false),
(21,172,167,'02:28:45',false);

/**********************************************
*  Données de la table RESULTATETAPE (31)     *
*  --> ABANDONS / NON PARTANT / HORS DELAIS ! *
*                                             *
**********************************************/
INSERT INTO resultatetape (idetape,idcoureur,abandon) VALUES (4,37,true),
(5,186,true),
(5,71,true),
(6,87,true),
(6,28,true),
(7,136,true),
(7,122,true),
(7,111,true),
(8,86,true),
(8,72,true),
(9,207,true),
(9,192,true),
(9,61,true),
(9,59,true),
(9,44,true),
(9,39,true),
(9,31,true),
(9,26,true),
(10,197,true),
(10,78,true),
(11,104,true),
(12,201,true),
(12,193,true),
(13,196,true),
(13,128,true),
(13,74,true),
(13,43,true),
(14,132,true),
(17,67,true),
(18,162,true),
(19,205,true);